{
    "districts": [
        {
            "district": "Nicobars",
            "subDistricts": [
                {
                    "subDistrict": "Car Nicobar",
                    "villages": [
                        "Arong",
                        "Big Lapati",
                        "Chuckchucha",
                        "Iaf Camp",
                        "Kakana",
                        "Kimois",
                        "Kinmai",
                        "Kinyuka",
                        "Malacca",
                        "Mus",
                        "Perka",
                        "Sawai",
                        "Small Lapati",
                        "Tamaloo",
                        "Tapoiming",
                        "Teetop"
                    ]
                },
                {
                    "subDistrict": "Great Nicobar",
                    "villages": [
                        "7 Km Farm",
                        "Afra Bay",
                        "Akupa",
                        "Alexandera River",
                        "Anul Anula",
                        "Ayouk",
                        "Bahua",
                        "Bewai Kuwak",
                        "Campbell Bay",
                        "Chaw Nallaha",
                        "Chingen Incl Fc At Magar Nalla",
                        "Dairkurat",
                        "Dakhiyon",
                        "Danlet",
                        "Dogmar River",
                        "Elahi Ilhoya",
                        "Galathia River",
                        "Gandhi Nagar",
                        "Gol Tikrey",
                        "Govinda Nagar",
                        "Hin Pou Chi",
                        "Hoin Incl Ikuia",
                        "Hokesiang",
                        "In Hig Loi",
                        "Indira Point",
                        "Inlock Infock",
                        "Inlock Pattia",
                        "Inod",
                        "Joginder Nagar",
                        "Kasintung",
                        "Katahu",
                        "Kiyang",
                        "Koe",
                        "Kokeon",
                        "Kondul",
                        "Kopenheat",
                        "Lanaya",
                        "Lawful",
                        "Laxmi Nagar",
                        "Makhahu Makachua",
                        "Minlana Minlan",
                        "Navy Dera",
                        "Not Yet Named",
                        "Not Yet Named A",
                        "Olinchi Bombay",
                        "Patatiya",
                        "Patisang",
                        "Pattia",
                        "Pea",
                        "Pehayo",
                        "Pitayo",
                        "Pulloullo Puloulo",
                        "Pulobaha",
                        "Pulobaha Pathathifen",
                        "Pulobed",
                        "Pulobed Lababu",
                        "Pulobha Pulobahan",
                        "Pulobhabi",
                        "Pulokunji",
                        "Pulomilo",
                        "Pulopanja",
                        "Pulopucca",
                        "Pulotalia Pulotohio",
                        "Ranganathan Bay",
                        "Renguang",
                        "Sastri Nagar",
                        "Shompen Hut",
                        "Shompen Village A",
                        "Shompen Village B",
                        "Trinket Bay",
                        "Vijoy Nagar"
                    ]
                },
                {
                    "subDistrict": "Nancowry",
                    "villages": [
                        "Al Hit Touch Balu Basti",
                        "Alhiat",
                        "Alhitoth Alhiloth",
                        "Alipa Alips",
                        "Alkaipoh Alkripoh",
                        "Alointung",
                        "Aloora",
                        "Aloorang",
                        "Alpintu Alpintung",
                        "Alreak",
                        "Alsama",
                        "Altaful",
                        "Altheak",
                        "Alukian Alhukheck",
                        "Atkuna Alkun",
                        "Banderkari Pulu",
                        "Bengali",
                        "Berainak Badnak",
                        "Bompoka Island",
                        "Bumpal",
                        "Champin",
                        "Chanel Chanol",
                        "Changua Changup",
                        "Chengtamilan",
                        "Chonghipoh",
                        "Chongkamong",
                        "Chonsiyala",
                        "Chota Inak",
                        "Chukmachi",
                        "Daring",
                        "E Wall",
                        "Enam",
                        "Hakonhala",
                        "Halnatai Hoinatai",
                        "Hindra",
                        "Hinnunga",
                        "Hintona",
                        "Hitlat",
                        "Hockook",
                        "Hoipoh",
                        "Hontona",
                        "Hutnyak",
                        "Inmae",
                        "Inroak Chinlak",
                        "Itoi",
                        "Jansin",
                        "Japan Tikri",
                        "Jhoola",
                        "Kakana",
                        "Kalara",
                        "Kalasi",
                        "Kalminikum Kalmenkam",
                        "Kamorta Kalatapu",
                        "Kamriak",
                        "Kanahinot",
                        "Kapanga",
                        "Kapila",
                        "Karan Karav",
                        "Katahuwa",
                        "Kavatinpeu Karahinpoh",
                        "Knot",
                        "Kuikua",
                        "Kuitasuk",
                        "Kulatapangia",
                        "Kumikia",
                        "Kupinga",
                        "Lanuanga",
                        "Lapat",
                        "Luxi",
                        "Malacca",
                        "Manjula",
                        "Mapayala",
                        "Maru",
                        "Masala Tapu",
                        "Mavatapis Maratapia",
                        "Meenakshi Ram Nagar",
                        "Mildera",
                        "Minyuk",
                        "Mohreak Kohreakap",
                        "Munak Incl Ponioo Moul",
                        "Mus",
                        "Neang",
                        "Neeche Tapu",
                        "Nyicalang",
                        "Okiya Chiya",
                        "Olinpon Alhinpon",
                        "Ongulongho",
                        "Payak",
                        "Payuha",
                        "Pilpilow",
                        "Raihion",
                        "Ramzoo",
                        "Reakomlong",
                        "Safedbalu",
                        "Sanaya",
                        "Sonomkuwa",
                        "Tahaila",
                        "Tanae",
                        "Tani",
                        "Tapani Tapainy",
                        "Tapiang",
                        "Tapong Incl Kabila",
                        "Tavinkin Tavakin",
                        "Tillang Chong Island",
                        "Tomae Inmae",
                        "Trinket",
                        "Uper Tapu",
                        "Upper Katchal",
                        "Vikas Nagar",
                        "Vyavtapu",
                        "W B Katchal Hindra"
                    ]
                }
            ]
        },
        {
            "district": "North & Middle Andaman",
            "subDistricts": [
                {
                    "subDistrict": "Diglipur",
                    "villages": [
                        "Aam Tikry",
                        "Aerial Bay",
                        "Amber Chad",
                        "Austin Creek",
                        "Austin Ii",
                        "Austin Ix",
                        "Bali Nallaha",
                        "Bamboo Nallaha",
                        "Bandhan Nallaha",
                        "Bara Dabla",
                        "Baskata Nallaha",
                        "Beach Dera",
                        "Borang",
                        "Burmachad",
                        "Coffe Dera",
                        "Curlew Island",
                        "Deshbandhugram",
                        "Diglipur",
                        "Durgapur",
                        "East Island",
                        "Elezabeth Bay",
                        "Gandhi Nagar",
                        "Ganesh Nagar",
                        "Ganna Dabla",
                        "Ganna Level",
                        "Hara Tikry",
                        "Haran Nallaha",
                        "Haridas Kattai",
                        "Hoari Bay",
                        "Jagannath Dera",
                        "Kalighat",
                        "Kalipur",
                        "Karen Basti",
                        "Keralapuram",
                        "Khudirampur",
                        "Kishori Nagar",
                        "Krishnapuri",
                        "Lamiya Bay",
                        "Land Fall Island",
                        "Laxmipur",
                        "Madhupur",
                        "Madhyamgram",
                        "Milangram",
                        "Mohanpur",
                        "Mutha Nallaha",
                        "Nabagram",
                        "Narayan Tikri",
                        "Narcondam Island",
                        "Narkul Danga",
                        "Nischintapur",
                        "Paranghara",
                        "Paschimsagar",
                        "Pathi Level",
                        "Pemaiahdera",
                        "Pilone Nallaha",
                        "Rabindrapalli",
                        "Radha Nagar",
                        "Rahil",
                        "Ramakrishnagram",
                        "Ramnagar",
                        "Sagar Dweep",
                        "Santi Nagar",
                        "Shibpur",
                        "Shyam Nagar",
                        "Sitanagar",
                        "Smith",
                        "Srinagar",
                        "Stewart Island",
                        "Subhashgram",
                        "Swarajgram",
                        "Tal Bagan",
                        "Vidyasagarpalli"
                    ]
                },
                {
                    "subDistrict": "Mayabunder",
                    "villages": [
                        "Asha Nagar",
                        "Aves Island",
                        "Bajato",
                        "Bamboo Nallaha",
                        "Basantipur",
                        "Birsa Nagar",
                        "Buddha Nallaha",
                        "Chainpur",
                        "Chappa Nali",
                        "Chuglum Gum",
                        "Danpur",
                        "Devpur",
                        "Dukennagar",
                        "Ganesh Nagar I Ii",
                        "Ganeshpur",
                        "Gora Tikry",
                        "Govindpur",
                        "Hanspuri",
                        "Harinagar",
                        "Interview Island",
                        "Jaipur",
                        "Kamalapur",
                        "Kanchi Nallaha",
                        "Karanch Khari",
                        "Karmatang",
                        "Karmatang Ix",
                        "Karmatang X",
                        "Khukari Tabla",
                        "Lataw",
                        "Lauki Nallaha",
                        "Lucknow",
                        "Luis In Let Bay",
                        "Mayabunder",
                        "Pahalgaon",
                        "Paiket Bay",
                        "Paresh Nagar",
                        "Pather Tikry",
                        "Pinakinagar",
                        "Pokadera",
                        "Profullya Nagar",
                        "Pudumadurai",
                        "Rampur",
                        "Santipur",
                        "Shippi Tikry",
                        "Sundari Khari",
                        "Swadesh Nagar",
                        "Tugapur",
                        "Webi"
                    ]
                },
                {
                    "subDistrict": "Rangat",
                    "villages": [
                        "Abaygarh",
                        "Adojig",
                        "Amkunj",
                        "Bakultala",
                        "Bamboo Tikry",
                        "Bangaon",
                        "Bejoygarh",
                        "Between Chotaligbang And Foul Bay",
                        "Bharatpur",
                        "Bolcha",
                        "Boreham Valley",
                        "Boroinyol Ii",
                        "Charlungta",
                        "Charlungta Ii",
                        "Chotaligbang",
                        "Cutbert Bay",
                        "Desharatpur",
                        "Dhani Nallaha",
                        "Dharmapur",
                        "Elephenstone Harbour",
                        "Foster Valley",
                        "Foul Bay",
                        "Gol Pahar",
                        "Janakpur",
                        "Japan Tikri",
                        "Jermyvalley",
                        "Kadamtala",
                        "Kalsi",
                        "Kalsi No 3",
                        "Kalsi No 4",
                        "Kalsi No 6",
                        "Kanchangarh",
                        "Kaushalyanagar",
                        "Khatta Khari",
                        "Lakra Lungta",
                        "Lalajig Bay",
                        "Laxmanpur",
                        "Long Island",
                        "Lorrojig",
                        "Macarthy Valley",
                        "Merk Bay",
                        "Middle Strait",
                        "Mithila",
                        "Nayagarh",
                        "Nilambur",
                        "Nimbutala",
                        "Padmanabhapuram",
                        "Panchawati",
                        "Papita Dera",
                        "Parnasala",
                        "Parnasala Ii",
                        "Pawajig",
                        "Pawajig Nayadera",
                        "Porlob Depot",
                        "Porlobjig No 10",
                        "Porlobjig No 15",
                        "Porlobjig No 3",
                        "Porlobjig No 9",
                        "Raglachang",
                        "Rajatgarh",
                        "Ramachandra Nagar",
                        "Rampur",
                        "Rangat",
                        "Sabari",
                        "Sagwan Nallaha",
                        "Saktigarh",
                        "Sanker Nallaha",
                        "Santanu",
                        "Sastri Nallah",
                        "Shivapuram",
                        "Shyamkund",
                        "Sippi Tikry",
                        "Sitapur",
                        "South Creek",
                        "Spike Island",
                        "Strait Island",
                        "Sukha Nallaha",
                        "Sundergarh",
                        "Thiruvanchikulam",
                        "Thoraktang",
                        "Udhaygarh",
                        "Urmilapur",
                        "Uttara",
                        "Vishnupur",
                        "Wrafters Creek",
                        "Yeratiljig",
                        "Yeratiljig No 10",
                        "Yeratiljig No 11",
                        "Yeratiljig No 9"
                    ]
                }
            ]
        },
        {
            "district": "South Andaman",
            "subDistricts": [
                {
                    "subDistrict": "Ferrargunj",
                    "villages": [
                        "Alipur",
                        "Aniket",
                        "Anjali Nallaha",
                        "Badmash Pahar",
                        "Balughat",
                        "Bambooflat",
                        "Beach Dera",
                        "Between Middle Strait",
                        "Bindraban",
                        "Caddlegunj Incl Sona Pahar Hazari Bagh J",
                        "Chouldari",
                        "Coffee Plot",
                        "Colinpur",
                        "Craikabad",
                        "Dhanikhari",
                        "Dundas Point",
                        "Ferrargunj",
                        "Flat Bay",
                        "Govindapuram",
                        "Guptapara",
                        "Hashmatabad",
                        "Herbertabad",
                        "Hobdipur",
                        "Homfreygunj",
                        "Hope Town",
                        "Jhinga Nallaha",
                        "Jirkatang Camp No 7",
                        "Jirkatang No 2",
                        "Kadakachang",
                        "Kalatang",
                        "Knapuram",
                        "Lohabarrack",
                        "Madhuban",
                        "Malapuram",
                        "Manglutan",
                        "Manjeri",
                        "Mannarghat",
                        "Manpur",
                        "Mathura",
                        "Maymyo",
                        "Middle Strait",
                        "Mile Tilek",
                        "Mithakhari",
                        "Mohwa Dera",
                        "Mount Harriet",
                        "Mrichi Dera",
                        "Muslim Basti",
                        "Namunaghar",
                        "Nayashahar",
                        "North Bay",
                        "Ograbraij",
                        "Pongi Balu",
                        "Port Mouat",
                        "Potatang",
                        "Shoal Bay",
                        "Shoal Bay 17",
                        "Shoal Bay 19",
                        "Shore Point",
                        "Stewartgunj",
                        "Temple Myo",
                        "Tirur",
                        "Tirur I",
                        "Tirur Iv",
                        "Tusnabad",
                        "Viper Island",
                        "Wandur",
                        "Wimberlygunj",
                        "Wright Myo"
                    ]
                },
                {
                    "subDistrict": "Little Andaman",
                    "villages": [
                        "Dugong Creek",
                        "Netaji Nagar",
                        "Rabindra Nagar",
                        "Ramakrishnapur",
                        "Vivekanandapuram"
                    ]
                },
                {
                    "subDistrict": "Port Blair",
                    "villages": [
                        "Bada Khari",
                        "Bada Nallaha Bada Balu",
                        "Bamboo Nallaha",
                        "Beadnabad",
                        "Bejoy Nagar",
                        "Bharatpur",
                        "Bimilitan Kodiyaghat",
                        "Brichgunj",
                        "Brookshabad Part",
                        "Calicut",
                        "Chidiyatapu",
                        "Cinque Island",
                        "Dollygunj",
                        "Garacharma",
                        "Govinda Nagar",
                        "John Lawrance",
                        "Krishna Nagar",
                        "Lakshmanpur",
                        "Minnie Bay Part",
                        "Munda Pahar",
                        "Neil Kendra",
                        "North Sentinel Island",
                        "Pahargaon Part",
                        "Prothrapur",
                        "R M Point",
                        "Radha Nagar",
                        "Ram Nagar",
                        "Rangachang",
                        "Rutland",
                        "School Line Part",
                        "Shyam Nagar",
                        "Sippighat",
                        "Sitapur",
                        "Teylorabad"
                    ]
                }
            ]
        }
    ],
    "state": "Andaman & Nicobar Islands"
}