{
    "districts": [
        {
            "district": "Chandigarh",
            "subDistricts": [
                {
                    "subDistrict": "Chandigarh",
                    "villages": [
                        "Behlana",
                        "Daria",
                        "Dhanas",
                        "Kaimbwala",
                        "Khuda Alisher",
                        "Khuda Jassu",
                        "Lahora",
                        "Mani Majra Basti Kishangarh Basti Bhagwanpur",
                        "Mauli Jagran",
                        "Raipur Kalan Makhan Majra",
                        "Raipur Khurd",
                        "Sarangpur"
                    ]
                }
            ]
        }
    ],
    "state": "Chandigarh"
}