{
    "districts": [
        {
            "district": "Dadra & Nagar Haveli",
            "subDistricts": [
                {
                    "subDistrict": "Dadra & Nagar Haveli",
                    "villages": [
                        "Ambabari",
                        "Amboli",
                        "Apti",
                        "Athal",
                        "Athola",
                        "Bedpa",
                        "Bensda",
                        "Bildhari",
                        "Bindrabin",
                        "Bonta",
                        "Chauda",
                        "Chikhali",
                        "Chinchpada",
                        "Chinsda",
                        "Dadra",
                        "Dapada",
                        "Demani",
                        "Dhapsa",
                        "Dolara",
                        "Dudhani",
                        "Falandi",
                        "Galonda",
                        "Ghodbari",
                        "Goratpada",
                        "Gunsa",
                        "Jamalpada",
                        "Kala",
                        "Kanadi",
                        "Karachgam",
                        "Karad",
                        "Karchond",
                        "Kauncha",
                        "Khadoli",
                        "Khanvel",
                        "Kharadpada",
                        "Khedpa",
                        "Kherarbari",
                        "Kherdi",
                        "Khutali",
                        "Kilavani",
                        "Kothar",
                        "Kudacha",
                        "Luhari",
                        "Mandoni",
                        "Masat",
                        "Medha",
                        "Morkhal",
                        "Mota Randha",
                        "Nana Randha",
                        "Naroli",
                        "Parzai",
                        "Pati",
                        "Rakholi",
                        "Rudana",
                        "Saily",
                        "Samarvarni",
                        "Shelti",
                        "Sili",
                        "Sindoni",
                        "Surangi",
                        "Talavali",
                        "Tighra",
                        "Tinoda",
                        "Umarkui",
                        "Umbervarni",
                        "Vaghchauda",
                        "Vaghchhipa",
                        "Vansda",
                        "Vasona",
                        "Velugam"
                    ]
                }
            ]
        }
    ],
    "state": "Dadra & Nagar Haveli"
}