{
    "districts": [
        {
            "district": "Daman",
            "subDistricts": [
                {
                    "subDistrict": "Daman",
                    "villages": [
                        "Bhamati",
                        "Bhimpore",
                        "Dadhel",
                        "Damanwada",
                        "Deva Pardi",
                        "Devka",
                        "Dholar",
                        "Dunetha",
                        "Jampore",
                        "Janivankad",
                        "Kachigam",
                        "Kadaiya",
                        "Magarwada",
                        "Marwad",
                        "Naila Pardi",
                        "Palhit",
                        "Pariari",
                        "Ringanwada",
                        "Thana Pardi",
                        "Varkund",
                        "Zari"
                    ]
                }
            ]
        },
        {
            "district": "Diu",
            "subDistricts": [
                {
                    "subDistrict": "Diu",
                    "villages": [
                        "Bhucharvada",
                        "Saudwadi",
                        "Vanakbara",
                        "Zolawadi"
                    ]
                }
            ]
        }
    ],
    "state": "Daman & Diu"
}