{
    "districts": [
        {
            "district": "Central Delhi",
            "subDistricts": [
                {
                    "subDistrict": "Darya Ganj",
                    "villages": []
                },
                {
                    "subDistrict": "Karol Bagh",
                    "villages": []
                },
                {
                    "subDistrict": "Pahar Ganj",
                    "villages": []
                }
            ]
        },
        {
            "district": "East Delhi",
            "subDistricts": [
                {
                    "subDistrict": "Gandhi Nagar",
                    "villages": [
                        "Shakar Pur Baramad"
                    ]
                },
                {
                    "subDistrict": "Preet Vihar",
                    "villages": [
                        "Chilla Saroda Bangar",
                        "Chilla Saroda Khadar",
                        "Dallo Pura",
                        "Gharoli",
                        "Gharonda Neemka Bangar Alias Patpar Ganj",
                        "Kondli",
                        "Shamas Pur"
                    ]
                },
                {
                    "subDistrict": "Vivek Vihar",
                    "villages": []
                }
            ]
        },
        {
            "district": "New Delhi",
            "subDistricts": [
                {
                    "subDistrict": "Chanakya Puri",
                    "villages": []
                },
                {
                    "subDistrict": "Connaught Place",
                    "villages": []
                },
                {
                    "subDistrict": "Parliament Street",
                    "villages": []
                }
            ]
        },
        {
            "district": "North Delhi",
            "subDistricts": [
                {
                    "subDistrict": "Civil Lines",
                    "villages": [
                        "Badar Pur Majra Burari",
                        "Burari",
                        "Jagat Pur Ilaqa Delhi",
                        "Jagat Pur Ilaqa Shahdara",
                        "Jharoda Majra Burari",
                        "Kamal Pur Majra Burari",
                        "Mukand Pur",
                        "Salem Pur Majra Burari"
                    ]
                },
                {
                    "subDistrict": "Kotwali",
                    "villages": []
                },
                {
                    "subDistrict": "Sadar Bazar",
                    "villages": []
                }
            ]
        },
        {
            "district": "North East Delhi",
            "subDistricts": [
                {
                    "subDistrict": "Seelam Pur",
                    "villages": [
                        "Badar Pur Khadar",
                        "Baqiabad",
                        "Bihari Pur",
                        "Dayal Pur",
                        "Garhi Mendu",
                        "Gokal Pur",
                        "Jiwan Pur Alias Johri Pur",
                        "Karawal Nagar",
                        "Khajoori Khas",
                        "Khan Pur Dhani",
                        "Mir Pur Turk",
                        "Mustafabad",
                        "Pur Delhi",
                        "Pur Shahdara",
                        "Saba Pur Delhi",
                        "Saba Pur Shahdara",
                        "Sadat Pur Gujran",
                        "Sadat Pur Musalmanan",
                        "Sher Pur",
                        "Tukhmir Pur",
                        "Ziauddin Pur"
                    ]
                },
                {
                    "subDistrict": "Seema Puri",
                    "villages": [
                        "Mandoli"
                    ]
                },
                {
                    "subDistrict": "Shahdara",
                    "villages": [
                        "Babar Pur",
                        "Jaffrabad"
                    ]
                }
            ]
        },
        {
            "district": "North West Delhi",
            "subDistricts": [
                {
                    "subDistrict": "Model Town",
                    "villages": [
                        "Bhalswa Jahangir Pur",
                        "Shanjar Pur"
                    ]
                },
                {
                    "subDistrict": "Narela",
                    "villages": [
                        "Akbar Pur Majra",
                        "Ali Pur",
                        "Bakhtawar Pur",
                        "Bankauli",
                        "Bankner",
                        "Barwala",
                        "Bawana",
                        "Bazid Pur Thakran",
                        "Bhor Garh",
                        "Bodh Pur Bija Pur",
                        "Darya Pur Kalan",
                        "Fateh Pur Jat",
                        "Garhi Khasru",
                        "Ghoga",
                        "Hamid Pur",
                        "Hareoli",
                        "Hiranki",
                        "Holambi Kalan",
                        "Holambi Khurd",
                        "Ibrahim Pur",
                        "Iradat Nagar Alias Naya Bans",
                        "Jhangola",
                        "Kankar Khera",
                        "Katewara",
                        "Kham Pur",
                        "Khera Kalan",
                        "Khera Khurd",
                        "Kureni",
                        "Lam Pur",
                        "Libas Pur",
                        "Mamoor Pur",
                        "Mohd Pur Ramzan Pur",
                        "Mukhmel Pur",
                        "Mungesh Pur",
                        "Nangal Thakran",
                        "Nangli Poona",
                        "Ochandi",
                        "Palla",
                        "Pansali",
                        "Pehlad Pur Bangar",
                        "Pooth Khurd",
                        "Qadi Pur",
                        "Qullak Pur",
                        "Raja Pur Kalan",
                        "Sahibabad Daulat Pur",
                        "Sanoth",
                        "Shah Pur Garhi",
                        "Singhola",
                        "Singhu",
                        "Siras Pur",
                        "Sultan Pur Dabas",
                        "Sunger Pur Delhi",
                        "Sunger Pur Shahdara",
                        "Taj Pur Kalan",
                        "Tehri Daulat Pur",
                        "Tigi Pur",
                        "Tikri Khurd",
                        "Zind Pur"
                    ]
                },
                {
                    "subDistrict": "Saraswati Vihar",
                    "villages": [
                        "Begum Pur",
                        "Budhan Pur",
                        "Chand Pur",
                        "Chatesar",
                        "Garhi Rindhala",
                        "Gheora",
                        "Jat Khor",
                        "Jonti",
                        "Kanjhawala",
                        "Karala",
                        "Kirari Suleman Nagar",
                        "Lad Pur",
                        "Madan Pur Dabas",
                        "Mohammad Pur Majri",
                        "Mubarak Pur Dabas",
                        "Nithari",
                        "Nizam Pur Rashid Pur",
                        "Pooth Kalan",
                        "Punjab Khor",
                        "Qutab Garh",
                        "Rani Khera",
                        "Rasool Pur",
                        "Salah Pur Majra",
                        "Saoda",
                        "Sultan Pur Majra"
                    ]
                }
            ]
        },
        {
            "district": "South Delhi",
            "subDistricts": [
                {
                    "subDistrict": "Defence Colony",
                    "villages": [
                        "Saidabad"
                    ]
                },
                {
                    "subDistrict": "Hauz Khas",
                    "villages": [
                        "Asola",
                        "Aya Nagar",
                        "Bhati",
                        "Chandan Hola",
                        "Chattar Pur",
                        "Deoli",
                        "Dera Mandi",
                        "Fateh Pur Beri",
                        "Gadai Pur",
                        "Jona Pur",
                        "Maidan Garhi",
                        "Neb Sarai",
                        "Raj Pur Khurd",
                        "Saidul Azaib",
                        "Satberi",
                        "Shahur Pur",
                        "Sultan Pur",
                        "Tigri"
                    ]
                },
                {
                    "subDistrict": "Kalkaji",
                    "villages": [
                        "Aali",
                        "Jait Pur",
                        "Kotla Mahigiran",
                        "Mithe Pur",
                        "Molar Band",
                        "Pul Pehlad",
                        "Taj Pul"
                    ]
                }
            ]
        },
        {
            "district": "South West Delhi",
            "subDistricts": [
                {
                    "subDistrict": "Delhi Cantonment",
                    "villages": [
                        "Moradabad Pahari"
                    ]
                },
                {
                    "subDistrict": "Najafgarh",
                    "villages": [
                        "Asalat Pur Khawad",
                        "Badhosra",
                        "Baqar Garh",
                        "Chhawala",
                        "Darya Pur Khurd",
                        "Daulat Pur",
                        "Deorala",
                        "Dhansa",
                        "Dichaon Kalan",
                        "Dindar Pur",
                        "Ghalib Pur",
                        "Goela Khurd",
                        "Goman Hera",
                        "Hasan Pur",
                        "Isa Pur",
                        "Jaffar Pur Kalan",
                        "Jain Pur",
                        "Jharoda Kalan",
                        "Jhatikra",
                        "Jhuljhuli",
                        "Kair",
                        "Kangan Heri",
                        "Kharkhari Jatmal",
                        "Kharkhari Nahar",
                        "Kharkhari Rond",
                        "Khera",
                        "Khera Dabar",
                        "Malik Pur Zer Najafgarh",
                        "Mitraon",
                        "Mundhela Kalan",
                        "Mundhela Khurd",
                        "Nanak Heri",
                        "Nangli Sakrawati",
                        "Paprawat",
                        "Pindwala Kalan",
                        "Pindwala Khurd",
                        "Qazi Pur",
                        "Qutab Pur",
                        "Raghu Pur",
                        "Raota",
                        "Rewla Kham Pur",
                        "Roshan Pura Alias Dichaon Khurd",
                        "Salah Pur",
                        "Samas Pur Khalsa",
                        "Sarang Pur",
                        "Sher Pur Deri",
                        "Shikar Pur",
                        "Surakh Pur",
                        "Surera",
                        "Taj Pur Khurd",
                        "Ujwa"
                    ]
                },
                {
                    "subDistrict": "Vasant Vihar",
                    "villages": [
                        "Ghitorni",
                        "Kapas Hera",
                        "Kusum Pur",
                        "Malik Pur Kohi Alias Rang Puri",
                        "Rajokri",
                        "Sambhalka"
                    ]
                }
            ]
        },
        {
            "district": "West Delhi",
            "subDistricts": [
                {
                    "subDistrict": "Patel Nagar",
                    "villages": [
                        "Hastsal",
                        "Raja Pur Khurd"
                    ]
                },
                {
                    "subDistrict": "Punjabi Bagh",
                    "villages": [
                        "Bakkar Wala",
                        "Bapraula",
                        "Jaffar Pur Alias Hiran Kudna",
                        "Mundka",
                        "Nangloi Jat",
                        "Neel Wal",
                        "Nilothi",
                        "Quammruddin Nagar",
                        "Shafi Pur Ranhola",
                        "Tikri Kalan",
                        "Tilang Pur Kotla"
                    ]
                },
                {
                    "subDistrict": "Rajouri Garden",
                    "villages": []
                }
            ]
        }
    ],
    "state": "Delhi"
}