{
    "districts": [
        {
            "district": "North Goa",
            "subDistricts": [
                {
                    "subDistrict": "Bardez",
                    "villages": [
                        "Aldona",
                        "Anjuna",
                        "Arpora",
                        "Assagao",
                        "Assonora",
                        "Bastora",
                        "Calangute",
                        "Calvim",
                        "Camurlim",
                        "Canca",
                        "Candolim",
                        "Colvale",
                        "Corjuem",
                        "Guirim",
                        "Marna",
                        "Marra",
                        "Moira",
                        "Moitem",
                        "Nachinola",
                        "Nadora",
                        "Nagoa",
                        "Nerul",
                        "Olaulim",
                        "Oxel",
                        "Paliem",
                        "Parra",
                        "Penha De Franca",
                        "Pilerne",
                        "Pirna",
                        "Pomburpa",
                        "Ponolem",
                        "Punola",
                        "Reis Magos",
                        "Revora",
                        "Saligao",
                        "Salvador Do Mundo",
                        "Sangolda",
                        "Siolim",
                        "Sircaim",
                        "Socorro",
                        "Tivim",
                        "Ucassaim",
                        "Verla"
                    ]
                },
                {
                    "subDistrict": "Bicholim",
                    "villages": [
                        "Adwalpale",
                        "Amone",
                        "Aturli",
                        "Carapur",
                        "Cotombi",
                        "Cudnem",
                        "Curchirem",
                        "Dumacem",
                        "Latambarcem",
                        "Maem",
                        "Maulinguem North",
                        "Mencurem",
                        "Mulgao",
                        "Naroa",
                        "Navelim",
                        "Ona",
                        "Pale",
                        "Piligao",
                        "Salem",
                        "Sarvona",
                        "Sirigao",
                        "Surla",
                        "Vainguinim",
                        "Velguem"
                    ]
                },
                {
                    "subDistrict": "Pernem",
                    "villages": [
                        "Agarvado",
                        "Alorna",
                        "Amberem",
                        "Arambol",
                        "Cansarvornem",
                        "Casnem",
                        "Chandel",
                        "Chopdem",
                        "Corgao",
                        "Dargalim",
                        "Ibrampur",
                        "Mandrem",
                        "Mopa",
                        "Morjim",
                        "Ozorim",
                        "Paliem",
                        "Parcem",
                        "Pernem",
                        "Poroscodem",
                        "Querim",
                        "Tamboxem",
                        "Tiracol",
                        "Torxem",
                        "Tuem",
                        "Uguem",
                        "Varconda",
                        "Virnora"
                    ]
                },
                {
                    "subDistrict": "Ponda",
                    "villages": [
                        "Adcolna",
                        "Bandora",
                        "Betora",
                        "Betqui",
                        "Boma",
                        "Borim",
                        "Candepar",
                        "Candola",
                        "Codar",
                        "Conxem",
                        "Cuncoliem",
                        "Cundaim",
                        "Curti",
                        "Durbhat",
                        "Gangem",
                        "Marcaim",
                        "Nirancal",
                        "Orgao",
                        "Ponchavadi",
                        "Priol",
                        "Quela",
                        "Querim",
                        "Savoi Verem",
                        "Siroda",
                        "Telaulim",
                        "Tivrem",
                        "Usgao",
                        "Vadi",
                        "Vagurbem",
                        "Velinga",
                        "Volvoi"
                    ]
                },
                {
                    "subDistrict": "Satari",
                    "villages": [
                        "Advoi",
                        "Ambedem",
                        "Ambeli",
                        "Anjunem",
                        "Ansolem",
                        "Assodem",
                        "Birondem",
                        "Bombedem",
                        "Buimpal",
                        "Carambolim Bozruco",
                        "Carambolim Brama",
                        "Caranzol",
                        "Choraundem",
                        "Codal",
                        "Codiem",
                        "Codqui",
                        "Codvol",
                        "Compordem",
                        "Conquirem",
                        "Cotorem",
                        "Cudcem",
                        "Cumarconda",
                        "Dabem",
                        "Damocem",
                        "Davem",
                        "Derodem",
                        "Dongurli",
                        "Edorem",
                        "Golauli",
                        "Gonteli",
                        "Govanem",
                        "Guleli",
                        "Gululem",
                        "Ivrem Buzruco",
                        "Ivrem Curdo",
                        "Maloli",
                        "Malpona",
                        "Mauzi",
                        "Melauli",
                        "Morlem",
                        "Nagargao",
                        "Naguem",
                        "Naneli",
                        "Nanorem",
                        "Onda",
                        "Padeli",
                        "Pale",
                        "Pendral",
                        "Pissurlem",
                        "Podocem",
                        "Ponocem",
                        "Ponsuli",
                        "Poriem",
                        "Quelaudem",
                        "Querim",
                        "Ravona",
                        "Rivem",
                        "Saleli",
                        "Sanvorcem",
                        "Sanvordem",
                        "Satorem",
                        "Satrem",
                        "Sigonem",
                        "Siranguli",
                        "Siroli",
                        "Sirsodem",
                        "Sonal",
                        "Sonus Vonvoliem",
                        "Surla",
                        "Ustem",
                        "Vaguriem",
                        "Vainguinim",
                        "Vantem",
                        "Velguem",
                        "Xelopo Buzruco",
                        "Xelopo Curdo",
                        "Zarani",
                        "Zormen"
                    ]
                },
                {
                    "subDistrict": "Tiswadi",
                    "villages": [
                        "Ambarim",
                        "Azossim",
                        "Bainguinim",
                        "Bambolim",
                        "Batim",
                        "Calapor",
                        "Capao",
                        "Caraim",
                        "Carambolim",
                        "Chimbel",
                        "Chorao",
                        "Corlim",
                        "Cujira",
                        "Cumbarjua",
                        "Curca",
                        "Durgawadi",
                        "Ella",
                        "Gancim",
                        "Gandaulim",
                        "Goa Velha",
                        "Goalim Moula",
                        "Goltim",
                        "Jua",
                        "Malar",
                        "Mandur",
                        "Mercurim",
                        "Morambi O Grande",
                        "Morambi O Pequeno",
                        "Murda",
                        "Naroa",
                        "Navelim",
                        "Neura O Grande",
                        "Neura O Pequeno",
                        "Panelim",
                        "Renovadi",
                        "Siridao",
                        "Talaulim",
                        "Taleigao"
                    ]
                }
            ]
        },
        {
            "district": "South Goa",
            "subDistricts": [
                {
                    "subDistrict": "Canacona",
                    "villages": [
                        "Agonda",
                        "Anjadip",
                        "Canacona",
                        "Cola",
                        "Cotigao",
                        "Gaodongrem",
                        "Loliem",
                        "Poinguinim"
                    ]
                },
                {
                    "subDistrict": "Mormugao",
                    "villages": [
                        "Arossim",
                        "Cansaulim",
                        "Chicalim",
                        "Chicolna",
                        "Cortalim",
                        "Cuelim",
                        "Dabolim",
                        "Issorcim",
                        "Pale",
                        "Quelossim",
                        "Sancoale",
                        "Sao Jacinto Island",
                        "Sao Jorge Island",
                        "Velsao"
                    ]
                },
                {
                    "subDistrict": "Quepem",
                    "villages": [
                        "Adnem",
                        "Ambaulim",
                        "Assolda",
                        "Avedem",
                        "Bali",
                        "Barcem",
                        "Bendordem",
                        "Cavorem",
                        "Cazur",
                        "Chaifi",
                        "Cordem",
                        "Corla",
                        "Cotombi",
                        "Fatorpa",
                        "Gocoldem",
                        "Maina",
                        "Mangal",
                        "Molcarnem",
                        "Molcopona",
                        "Morpila",
                        "Nagvem",
                        "Naquerim",
                        "Odar",
                        "Padi",
                        "Pirla",
                        "Quedem",
                        "Quisconda",
                        "Quitol",
                        "Sirvoi",
                        "Sulcorna",
                        "Tiloi",
                        "Undorna",
                        "Xeldem",
                        "Xelvona",
                        "Xic Xelvona",
                        "Zanodem"
                    ]
                },
                {
                    "subDistrict": "Salcete",
                    "villages": [
                        "Adsulim",
                        "Ambelim",
                        "Aquem",
                        "Assolna",
                        "Benaulim",
                        "Betalbatim",
                        "Calata",
                        "Camurlim",
                        "Cana",
                        "Carmona",
                        "Cavelossim",
                        "Cavorim",
                        "Chandor",
                        "Chinchinim",
                        "Colva",
                        "Curtorim",
                        "Davorlim",
                        "Deussua",
                        "Dicarpale",
                        "Dramapur",
                        "Duncolim",
                        "Gandaulim",
                        "Gonsua",
                        "Guirdolim",
                        "Loutulim",
                        "Macasana",
                        "Majorda",
                        "Mulem",
                        "Nagoa",
                        "Navelim",
                        "Nuvem",
                        "Orlim",
                        "Paroda",
                        "Rachol",
                        "Raia",
                        "Sao Jose De Areal",
                        "Sarzora",
                        "Seraulim",
                        "Sernabatim",
                        "Sirlim",
                        "Talaulim",
                        "Utorda",
                        "Vanelim",
                        "Varca",
                        "Velim",
                        "Verna"
                    ]
                },
                {
                    "subDistrict": "Sanguem",
                    "villages": [
                        "Aglote",
                        "Antoriem",
                        "Bandoli",
                        "Bati",
                        "Boma",
                        "Calem",
                        "Camarconda",
                        "Caranzol",
                        "Codli",
                        "Colem",
                        "Colomba",
                        "Comproi",
                        "Coranginim",
                        "Cormonem",
                        "Costi",
                        "Cotarli",
                        "Cumbari",
                        "Curdi",
                        "Curpem",
                        "Darbandora",
                        "Dongor",
                        "Dongurli",
                        "Dudal",
                        "Maulinguem",
                        "Moissal",
                        "Molem",
                        "Muguli",
                        "Naiquinim",
                        "Netorli",
                        "Nundem",
                        "Oxel",
                        "Patiem",
                        "Piliem",
                        "Porteem",
                        "Potrem",
                        "Rivona",
                        "Rumbrem",
                        "Salauli",
                        "Sancordem",
                        "Sangod",
                        "Santona",
                        "Sanvordem",
                        "Sigao",
                        "Sigonem",
                        "Sonauli",
                        "Surla",
                        "Tudou",
                        "Uguem",
                        "Verlem",
                        "Vichundrem",
                        "Viliena",
                        "Xelpem"
                    ]
                }
            ]
        }
    ],
    "state": "Goa"
}