{
    "districts": [
        {
            "district": "Alappuzha",
            "subDistricts": [
                {
                    "subDistrict": "Ambalappuzha",
                    "villages": [
                        "Ambalappuzha",
                        "Aryad South",
                        "Kalarkode",
                        "Kalavoor",
                        "Karumady",
                        "Komalapuram",
                        "Mannanchery",
                        "Mullakkal",
                        "Pathirappally",
                        "Punnapra",
                        "Purakkad"
                    ]
                },
                {
                    "subDistrict": "Chengannur",
                    "villages": [
                        "Ala",
                        "Chengannur",
                        "Cheriyanad",
                        "Ennakkad",
                        "Kurattissery",
                        "Mannar",
                        "Mulakuzha",
                        "Pandanad",
                        "Puliyoor",
                        "Thiruvanvandoor",
                        "Venmony"
                    ]
                },
                {
                    "subDistrict": "Cherthala",
                    "villages": [
                        "Arookutty",
                        "Aroor",
                        "Cherthala North",
                        "Cherthala South",
                        "Ezhupunna",
                        "Kadakkarappally",
                        "Kanjikkuzhi",
                        "Kodamthuruth",
                        "Kokkothamangalam",
                        "Kuthiathode",
                        "Mararikkulam North",
                        "Muhamma",
                        "Pallippuram",
                        "Panavally",
                        "Pattanakkad",
                        "Perumbalam",
                        "Thaikattussery",
                        "Thanneermukkam",
                        "Thuravoor Thekku",
                        "Vayalar"
                    ]
                },
                {
                    "subDistrict": "Karthikappally",
                    "villages": [
                        "Arattupuzha",
                        "Cheppad",
                        "Cheruthana",
                        "Chingoli",
                        "Haripad",
                        "Kandalloor",
                        "Karthikappally",
                        "Karuvatta",
                        "Keerikkad",
                        "Krishnapuram",
                        "Kumarapuram",
                        "Muthukulam",
                        "Pallippad",
                        "Pathiyoor",
                        "Puthuppally",
                        "Thrikkunnapuzha",
                        "Veeyapuram"
                    ]
                },
                {
                    "subDistrict": "Kuttanad",
                    "villages": [
                        "Champakkulam",
                        "Edathua",
                        "Kainakary North",
                        "Kainakary South",
                        "Kavalam",
                        "Kunnumma",
                        "Muttar",
                        "Nedumudi",
                        "Neelamperoor",
                        "Pulinkunnu",
                        "Ramankary",
                        "Thakazhy",
                        "Thalavady",
                        "Veliyanad"
                    ]
                },
                {
                    "subDistrict": "Mavelikkara",
                    "villages": [
                        "Bharanikkavu",
                        "Chennithala",
                        "Chunakkara",
                        "Kannamangalam",
                        "Kattanam",
                        "Noornad",
                        "Palamel",
                        "Perungala",
                        "Thamarakkulam",
                        "Thazhakara",
                        "Thekkekara",
                        "Thriperumthura",
                        "Vallikunnam",
                        "Vettiyar"
                    ]
                }
            ]
        },
        {
            "district": "Ernakulam",
            "subDistricts": [
                {
                    "subDistrict": "Aluva",
                    "villages": [
                        "Ayyampuzha",
                        "Chengamanad",
                        "Choornikkara",
                        "Chowwara",
                        "Edathala",
                        "Kalady",
                        "Karukutty",
                        "Kizhakkumbhagom",
                        "Malayattoor",
                        "Manjapra",
                        "Mattoor",
                        "Mookkannoor",
                        "Nedumbassery",
                        "Parakkadavu",
                        "Thekkumbhagom",
                        "Thuravoor",
                        "Vadakkumbhagom"
                    ]
                },
                {
                    "subDistrict": "Kanayannur",
                    "villages": [
                        "Amballur",
                        "Cheranallur",
                        "Edakkattuvayal",
                        "Kadamakkudy",
                        "Kaippattur",
                        "Kakkanad",
                        "Kanayannur",
                        "Keecherry",
                        "Kulayettikara",
                        "Kumbalam",
                        "Kureekkad",
                        "Manakunnam",
                        "Maradu",
                        "Mulamthuruthy",
                        "Mulavukad",
                        "Thiruvankulam",
                        "Thrikkakara North",
                        "Vazhakkala"
                    ]
                },
                {
                    "subDistrict": "Kochi",
                    "villages": [
                        "Chellanam",
                        "Cheriyakadavu",
                        "Edavanakkad",
                        "Elamkunnapuzha",
                        "Kumbalangy",
                        "Kuzhuppilly",
                        "Nayarambalam",
                        "Njarackal",
                        "Pallippuram",
                        "Puthuvype"
                    ]
                },
                {
                    "subDistrict": "Kothamangalam",
                    "villages": [
                        "Eramalloor",
                        "Kedavoor",
                        "Keerampara",
                        "Kottappady",
                        "Kuttamangalam",
                        "Kuttampuzha",
                        "Neriamangalam",
                        "Pindimana",
                        "Pothanikkad",
                        "Thrikkariyoor",
                        "Varappetty"
                    ]
                },
                {
                    "subDistrict": "Kunnathunad",
                    "villages": [
                        "Aikaranad North",
                        "Aikaranad South",
                        "Arakapady",
                        "Asamannoor",
                        "Chelamattom",
                        "Irapuram",
                        "Kizhakkambalam",
                        "Kodanad",
                        "Kombanad",
                        "Koovappady",
                        "Kunnathunad",
                        "Marampilly",
                        "Mazhuvannoor",
                        "Pattimattom",
                        "Perumbavoor",
                        "Puthencruz",
                        "Rayamangalam",
                        "Thiruvaniyoor",
                        "Vadavukode",
                        "Vazhakulam",
                        "Vengola",
                        "Vengoor",
                        "Vengoor West"
                    ]
                },
                {
                    "subDistrict": "Muvattupuzha",
                    "villages": [
                        "Arakuzha",
                        "Elanji",
                        "Enanalloor",
                        "Kalloorkkad",
                        "Koothattukulam",
                        "Maneed",
                        "Manjalloor",
                        "Marady",
                        "Memury",
                        "Mulavoor",
                        "Muvattupuzha",
                        "Onakkoor",
                        "Palakkuzha",
                        "Piravom",
                        "Ramamangalam",
                        "Thirumarady",
                        "Valakam",
                        "Velloorkunnam"
                    ]
                },
                {
                    "subDistrict": "Paravur",
                    "villages": [
                        "Alangad",
                        "Chendamangalam",
                        "Eloor",
                        "Ezhikkara",
                        "Kadungalloor",
                        "Karumalloor",
                        "Kedamangalam",
                        "Kottuvally",
                        "Kunnukara",
                        "Moothakunnam",
                        "Puthenvelikkara",
                        "Vadakkekara",
                        "Varappuzha"
                    ]
                }
            ]
        },
        {
            "district": "Idukki",
            "subDistricts": [
                {
                    "subDistrict": "Devikulam",
                    "villages": [
                        "Anaviratty",
                        "Kannan Devan Hills",
                        "Kanthalloor",
                        "Keezhanthoor",
                        "Kottakamboor",
                        "Kunjithanny",
                        "Mankulam",
                        "Mannamkandam",
                        "Marayoor",
                        "Pallivasal",
                        "Vattavada",
                        "Vellathuval"
                    ]
                },
                {
                    "subDistrict": "Peerumade",
                    "villages": [
                        "Elappara",
                        "Kokkayar",
                        "Kumily",
                        "Manjumala",
                        "Mlappara",
                        "Peerumade",
                        "Periyar",
                        "Peruvanthanam",
                        "Upputhara",
                        "Vagamon"
                    ]
                },
                {
                    "subDistrict": "Thodupuzha",
                    "villages": [
                        "Alacode",
                        "Arakkulam",
                        "Elappally",
                        "Idukki",
                        "Kanjikuzhi",
                        "Karikkode",
                        "Karimannoor",
                        "Karimkunnam",
                        "Kodikulam",
                        "Kudayathoor",
                        "Kumaramangalam",
                        "Manakkad",
                        "Muttom",
                        "Neyyasseri",
                        "Purapuzha",
                        "Thodupuzha",
                        "Udumbannoor",
                        "Vannapuram",
                        "Velliyamattom"
                    ]
                },
                {
                    "subDistrict": "Udumbanchola",
                    "villages": [
                        "Anakkara",
                        "Anavilasam",
                        "Ayyappancoil",
                        "Baisonvally",
                        "Chakkupallam",
                        "Chathurangapara",
                        "Chinnakanal",
                        "Kalkoonthal",
                        "Kanthippara",
                        "Karunapuram",
                        "Kattappana",
                        "Konnathady",
                        "Pampadumpara",
                        "Parathodu",
                        "Poopara",
                        "Rajakkad",
                        "Rajakumari",
                        "Santhanpara",
                        "Thankamony",
                        "Udumbanchola",
                        "Upputhode",
                        "Vandanmedu",
                        "Vathikudy"
                    ]
                }
            ]
        },
        {
            "district": "Kannur",
            "subDistricts": [
                {
                    "subDistrict": "Kannur",
                    "villages": [
                        "Ancharakandy",
                        "Azhikode North",
                        "Azhikode South",
                        "Chala",
                        "Chelora",
                        "Cherukunnu",
                        "Cheruthazham",
                        "Chirakkal",
                        "Elayavoor",
                        "Ezhome",
                        "Iriveri",
                        "Kadachira",
                        "Kadannappalli",
                        "Kalliasseri",
                        "Kanhirode",
                        "Kannadiparamba",
                        "Kannapuram",
                        "Kunhimangalam",
                        "Madayi",
                        "Mattool",
                        "Mavilayi",
                        "Munderi",
                        "Muzhappilangad",
                        "Narath",
                        "Pallikkunnu",
                        "Panapuzha",
                        "Pappinisseri",
                        "Peralassery",
                        "Puzhathi",
                        "Thottada",
                        "Valapattanam",
                        "Varam"
                    ]
                },
                {
                    "subDistrict": "Taliparamba",
                    "villages": [
                        "Alakode",
                        "Alapadamba",
                        "Cheleri",
                        "Chengalai",
                        "Chuzhali",
                        "Eramam",
                        "Eruvassy",
                        "Irikkur",
                        "Kalliad",
                        "Kankole",
                        "Karivellur",
                        "Kayaralam",
                        "Kolacherry",
                        "Kooveri",
                        "Kurumathur",
                        "Kuttiattoor",
                        "Kuttiyeri",
                        "Kuttoor",
                        "Malapattam",
                        "Maniyoor",
                        "Mayyil",
                        "Nediyanga",
                        "New Naduvil",
                        "Nuchiyad",
                        "Padiyoor",
                        "Panniyoor",
                        "Pariyaram",
                        "Pattuvam",
                        "Payyavoor",
                        "Peralam",
                        "Peringome",
                        "Perinthatta",
                        "Pulingome",
                        "Ramanthali",
                        "Sreekandapuram",
                        "Thimiri",
                        "Thirumeni",
                        "Vayakkara",
                        "Vayathur",
                        "Vellad",
                        "Vellora"
                    ]
                },
                {
                    "subDistrict": "Thalassery",
                    "villages": [
                        "Aralam",
                        "Ayyankunnu",
                        "Chavassery",
                        "Cheruvanchery",
                        "Chockli",
                        "Dharmadom",
                        "Eranholi",
                        "Eruvatti",
                        "Kadirur",
                        "Kandamkunnu",
                        "Kanichar",
                        "Kannavam",
                        "Keezhallur",
                        "Keezhur",
                        "Kelakam",
                        "Kolavelloor",
                        "Koloyad",
                        "Koodali",
                        "Kottayam Malabar",
                        "Kottiyoor",
                        "Manantheri",
                        "Manathana",
                        "Mangattidam",
                        "Mokeri",
                        "Muzhakkunnu",
                        "New Mahe",
                        "Paduvilayi",
                        "Panniyannur",
                        "Panoor",
                        "Pathiriyad",
                        "Pattannur",
                        "Pattiom",
                        "Payam",
                        "Peringathur",
                        "Pinarayi",
                        "Puthoor",
                        "Sivapuram",
                        "Thillenkeri",
                        "Tholambra",
                        "Thrippangottur",
                        "Vekkalam",
                        "Vellarvelly",
                        "Vilamana"
                    ]
                }
            ]
        },
        {
            "district": "Kasaragod",
            "subDistricts": [
                {
                    "subDistrict": "Hosdurg",
                    "villages": [
                        "Ajanur",
                        "Ambalathara",
                        "Balal",
                        "Bare",
                        "Bellur",
                        "Bheemanady",
                        "Cheemeni",
                        "Cheemeni Ii",
                        "Cheruvathur",
                        "Chithari",
                        "Chittarikkal",
                        "Kallar",
                        "Karindalam",
                        "Kayyur",
                        "Keekan",
                        "Kilayikode",
                        "Kinanoor",
                        "Kodakkad",
                        "Kodom",
                        "Madikai",
                        "Maloth",
                        "Maniyat",
                        "Nileshwar",
                        "North Thrikkaripur",
                        "Padne",
                        "Palavayal",
                        "Pallikkara",
                        "Pallikkara Ii",
                        "Panathady",
                        "Panayal",
                        "Parappa",
                        "Periya",
                        "Perole",
                        "Pilicode",
                        "Pullur",
                        "South Thrikkaripur",
                        "Thayanur",
                        "Thimiri",
                        "Udinoor",
                        "Udma",
                        "West Eleri"
                    ]
                },
                {
                    "subDistrict": "Kasaragod",
                    "villages": [
                        "Adhur",
                        "Adoor",
                        "Angadimogaru",
                        "Arikady",
                        "Badaje",
                        "Badiyadka",
                        "Badoor",
                        "Bandadka",
                        "Bangra Manjeshwar",
                        "Bayar",
                        "Bedadka",
                        "Bekoor",
                        "Bela",
                        "Bellur",
                        "Bombrana",
                        "Chemnad",
                        "Chengala",
                        "Chippar",
                        "Delampady",
                        "Edanad",
                        "Enmakaje",
                        "Heroor",
                        "Hosabettu",
                        "Ichilampady",
                        "Ichilangod",
                        "Kadambar",
                        "Kaliyoor",
                        "Kalnad",
                        "Kannur",
                        "Karadka",
                        "Karivedakam",
                        "Kattukukke",
                        "Kayyar",
                        "Kidoor",
                        "Kodalamogaru",
                        "Kodibail",
                        "Koipady",
                        "Kolathur",
                        "Koliyoor",
                        "Kubanoor",
                        "Kudalmarkala",
                        "Kudlu",
                        "Kuloor",
                        "Kumbadaje",
                        "Kunjathur",
                        "Kuttikole",
                        "Madhur",
                        "Maire",
                        "Majibail",
                        "Mangalpady",
                        "Manjeshwar",
                        "Meenja",
                        "Mogral",
                        "Moodambail",
                        "Mugu",
                        "Mulinja",
                        "Muliyar",
                        "Munnad",
                        "Muttathody",
                        "Nekraje",
                        "Nettanige",
                        "Nirchal",
                        "Padre",
                        "Pady",
                        "Paivalike",
                        "Pathur",
                        "Patla",
                        "Pavoor",
                        "Perumbala",
                        "Puthige",
                        "Puthur",
                        "Shiribagilu",
                        "Shiriya",
                        "Talikala",
                        "Thekkil",
                        "Ubrangala",
                        "Ujarulvar",
                        "Uppala",
                        "Vorkady"
                    ]
                }
            ]
        },
        {
            "district": "Kollam",
            "subDistricts": [
                {
                    "subDistrict": "Karunagappally",
                    "villages": [
                        "Adinad",
                        "Alappad",
                        "Ayanivelikulangara",
                        "Chavara",
                        "Clappana",
                        "Kallelibhagom",
                        "Karunagappally",
                        "Kulasekharapuram",
                        "Neendakara",
                        "Oachira",
                        "Panmana",
                        "Pavumba",
                        "Thazhava",
                        "Thekkumbhagom",
                        "Thevalakkara",
                        "Thodiyoor",
                        "Vadakkumthala"
                    ]
                },
                {
                    "subDistrict": "Kollam",
                    "villages": [
                        "Adichanalloor",
                        "Chirakkara",
                        "Elampalloor",
                        "Eravipuram",
                        "Kalluvathukkal",
                        "Kizhakkekallada",
                        "Kottamkara",
                        "Mayyanad",
                        "Meenad",
                        "Mulavana",
                        "Mundrothuruth",
                        "Nedumpana",
                        "Pallimon",
                        "Panayam",
                        "Paravoor",
                        "Parippally",
                        "Perinad",
                        "Poothakkulam",
                        "Thazhuthala",
                        "Thrikkadavoor",
                        "Thrikkaruva",
                        "Thrikkovilvattom"
                    ]
                },
                {
                    "subDistrict": "Kottarakkara",
                    "villages": [
                        "Chadayamangalam",
                        "Chakkuvarakkal",
                        "Chithara",
                        "Elamad",
                        "Ezhukone",
                        "Ittiva",
                        "Kadakkal",
                        "Kalayapuram",
                        "Kareepra",
                        "Kottarakkara",
                        "Kottukkal",
                        "Kulakkada",
                        "Kummil",
                        "Mancode",
                        "Melila",
                        "Mylom",
                        "Neduvathoor",
                        "Nilamel",
                        "Odanavattam",
                        "Pavithreswaram",
                        "Pooyappally",
                        "Puthur",
                        "Ummannoor",
                        "Valakam",
                        "Velinalloor",
                        "Veliyam",
                        "Vettikkavala"
                    ]
                },
                {
                    "subDistrict": "Kunnathur",
                    "villages": [
                        "Kunnathur",
                        "Mynagappally",
                        "Poruvazhy",
                        "Sasthamkotta",
                        "Sooranad North",
                        "Sooranad South",
                        "West Kallada"
                    ]
                },
                {
                    "subDistrict": "Pathanapuram",
                    "villages": [
                        "Alayamon",
                        "Anchal",
                        "Arackal",
                        "Arienkavu",
                        "Ayiranalloor",
                        "Channappetta",
                        "Edamon",
                        "Edamulackal",
                        "Eroor",
                        "Karavaloor",
                        "Kulathupuzha",
                        "Pathanapuram",
                        "Pattazhy",
                        "Pattazhy Vadakkekara",
                        "Pidavoor",
                        "Piravanthur",
                        "Punnala",
                        "Thalavoor",
                        "Thenmala",
                        "Thinkalkarikkakom",
                        "Valacode",
                        "Vilakkudy"
                    ]
                }
            ]
        },
        {
            "district": "Kottayam",
            "subDistricts": [
                {
                    "subDistrict": "Changanassery",
                    "villages": [
                        "Changanassery",
                        "Chethipuzha",
                        "Kangazha",
                        "Karukachal",
                        "Kurichy",
                        "Madappally",
                        "Nedumkunnam",
                        "Paippad",
                        "Thottackad",
                        "Thrikkodithanam",
                        "Vakathanam",
                        "Vazhappally Padinjaru",
                        "Vazhoor",
                        "Vellavoor"
                    ]
                },
                {
                    "subDistrict": "Kanjirappally",
                    "villages": [
                        "Cheruvally",
                        "Chirakkadavu",
                        "Edakkunnam",
                        "Elamgulam",
                        "Elikkulam",
                        "Erumeli North",
                        "Erumeli South",
                        "Kanjirappally",
                        "Koottickal",
                        "Koovappally",
                        "Manimala",
                        "Mundakayam"
                    ]
                },
                {
                    "subDistrict": "Kottayam",
                    "villages": [
                        "Aimanam",
                        "Akalakunnam",
                        "Anikkad",
                        "Arpookara",
                        "Athirampuzha",
                        "Ayarkunnam",
                        "Chengalam East",
                        "Chengalam South",
                        "Ettumanoor",
                        "Kaipuzha",
                        "Kooroppada",
                        "Kumarakam",
                        "Manarcad",
                        "Meenadam",
                        "Muttampalam",
                        "Nattakam",
                        "Onamthuruth",
                        "Pampady",
                        "Panachikkad",
                        "Peroor",
                        "Perumbaikad",
                        "Puthuppally",
                        "Thiruvarpu",
                        "Veloor",
                        "Vijayapuram"
                    ]
                },
                {
                    "subDistrict": "Meenachil",
                    "villages": [
                        "Bharananganam",
                        "Elackad",
                        "Erattupetta",
                        "Kadanad",
                        "Kanakkari",
                        "Kidangoor",
                        "Kondoor",
                        "Kuravilangad",
                        "Kurichithanam",
                        "Lalam",
                        "Meenachil",
                        "Melukavu",
                        "Monippally",
                        "Moonilavu",
                        "Poonjar Nadubhagam",
                        "Poonjar Thekkekara",
                        "Poonjar Vadakkekara",
                        "Poovarany",
                        "Puliyannoor",
                        "Ramapuram",
                        "Teekoy",
                        "Thalappalam",
                        "Uzhavoor",
                        "Vallichira",
                        "Veliyannoor",
                        "Vellilappally"
                    ]
                },
                {
                    "subDistrict": "Vaikom",
                    "villages": [
                        "Chempu",
                        "Kaduthuruthy",
                        "Kallara",
                        "Kothanalloor",
                        "Kulasekharamangalam",
                        "Manjoor",
                        "Mulakulam",
                        "Muttuchira",
                        "Naduvile",
                        "Njeezhoor",
                        "Thalayazham",
                        "Vadakkemuri",
                        "Vadayar",
                        "Vaikom",
                        "Vechoor",
                        "Velloor"
                    ]
                }
            ]
        },
        {
            "district": "Kozhikode",
            "subDistricts": [
                {
                    "subDistrict": "Kozhikode",
                    "villages": [
                        "Beypore",
                        "Chathamangalam",
                        "Chelannur",
                        "Cheruvannur",
                        "Elathur",
                        "Engapuzha",
                        "Feroke",
                        "Kadalundi",
                        "Kakkad",
                        "Kakkodi",
                        "Kakkur",
                        "Karuvanthuruthy",
                        "Kedavur",
                        "Kizhakkoth",
                        "Kodencheri",
                        "Kodiyathur",
                        "Koduvally",
                        "Koodaranji",
                        "Koodathayi",
                        "Kumaranallur",
                        "Kunnamangalam",
                        "Kuruvattur",
                        "Kuttikkattoor",
                        "Madavoor",
                        "Mavoor",
                        "Nanmanda",
                        "Narikkuni",
                        "Neeleswaram",
                        "Nellipoyil",
                        "Olavanna",
                        "Pantheeramkavu",
                        "Perumanna",
                        "Peruvayal",
                        "Poolacode",
                        "Puthiyangadi",
                        "Puthuppadi",
                        "Puthur",
                        "Ramanattukara",
                        "Raroth",
                        "Thalakkulathur",
                        "Thazhecode",
                        "Thiruvambadi",
                        "Vavad"
                    ]
                },
                {
                    "subDistrict": "Quilandy",
                    "villages": [
                        "Arikkulam",
                        "Atholi",
                        "Avitanallur",
                        "Balusseri",
                        "Chakkittapara",
                        "Changaroth",
                        "Chemancheri",
                        "Chempanoda",
                        "Chengottukavu",
                        "Cheruvannur",
                        "Eravattur",
                        "Iringal",
                        "Kanthalad",
                        "Kayanna",
                        "Keezhariyur",
                        "Kinalur",
                        "Koorachundu",
                        "Koothali",
                        "Kottur",
                        "Kozhukkallur",
                        "Menhaniam",
                        "Meppayyur",
                        "Moodadi",
                        "Naduvannur",
                        "Nochad",
                        "Palery",
                        "Panangad",
                        "Payyoli",
                        "Perambra",
                        "Sivapuram",
                        "Thikkody",
                        "Thurayur",
                        "Ulliyeri",
                        "Unnikulam"
                    ]
                },
                {
                    "subDistrict": "Vadakara",
                    "villages": [
                        "Ayancheri",
                        "Azhiyur",
                        "Chekkiad",
                        "Chorode",
                        "Edacheri",
                        "Eramala",
                        "Kavilumpara",
                        "Kayakkodi",
                        "Kottappally",
                        "Kunnummal",
                        "Kuttiadi",
                        "Maniyur",
                        "Maruthonkara",
                        "Nadapuram",
                        "Narippatta",
                        "Onchiam",
                        "Palayad",
                        "Purameri",
                        "Thinoor",
                        "Thiruvallur",
                        "Thuneri",
                        "Valayam",
                        "Vanimel",
                        "Velom",
                        "Vilangad",
                        "Villiappally"
                    ]
                }
            ]
        },
        {
            "district": "Malappuram",
            "subDistricts": [
                {
                    "subDistrict": "Ernad",
                    "villages": [
                        "Anakkayam",
                        "Areekode",
                        "Cheekkode",
                        "Chembrasseri",
                        "Cherukavu",
                        "Edavanna",
                        "Elankur",
                        "Karakunnu",
                        "Kavanoor",
                        "Kizhuparamba",
                        "Kondotty",
                        "Kuzhimanna",
                        "Morayur",
                        "Muthuvallur",
                        "Nediyiruppu",
                        "Pandalur",
                        "Pandikkad",
                        "Perakamanna",
                        "Pookkottur",
                        "Pulikkal",
                        "Pulpatta",
                        "Trikkalangode",
                        "Urangattiri",
                        "Vazhakkad",
                        "Vazhayur",
                        "Vettikkattiri",
                        "Vettilappara"
                    ]
                },
                {
                    "subDistrict": "Nilambur",
                    "villages": [
                        "Akampadam",
                        "Amarambalam",
                        "Chekkode",
                        "Chungathara",
                        "Edakkara",
                        "Kalikavu",
                        "Karulai",
                        "Karuvarakundu",
                        "Kerala Estate",
                        "Kurumbilangode",
                        "Mambad",
                        "Nilambur",
                        "Porur",
                        "Pullipadam",
                        "Thiruvali",
                        "Thuvvur",
                        "Vazhikkadavu",
                        "Vellayur",
                        "Wandoor"
                    ]
                },
                {
                    "subDistrict": "Perinthalmanna",
                    "villages": [
                        "Aliparamba",
                        "Anamangad",
                        "Angadippuram",
                        "Arakkuparamba",
                        "Edappatta",
                        "Elamkulam",
                        "Kariavattom",
                        "Keezhattur",
                        "Kodur",
                        "Koottilangadi",
                        "Kuruva",
                        "Kuruvambalam",
                        "Mankada",
                        "Melattur",
                        "Moorkkanad",
                        "Nenmini",
                        "Pulamanthole",
                        "Puzhakkattiri",
                        "Thazhekode",
                        "Vadakkangara",
                        "Valambur",
                        "Vettathur"
                    ]
                },
                {
                    "subDistrict": "Ponnani",
                    "villages": [
                        "Alamcode",
                        "Edappal",
                        "Kalady",
                        "Marancheri",
                        "Nannamukku",
                        "Perumpadappa",
                        "Tavanur",
                        "Vattamkulam",
                        "Veliyankode"
                    ]
                },
                {
                    "subDistrict": "Tirur",
                    "villages": [
                        "Ananthavoor",
                        "Athavanad",
                        "Cheriyamundam",
                        "Edayoor",
                        "Irimbiliyam",
                        "Kalpakancheri",
                        "Kattipparuthi",
                        "Kottakkal",
                        "Kurumbathur",
                        "Kuttippuram",
                        "Mangalam",
                        "Marakkara",
                        "Melmuri",
                        "Naduvattom",
                        "Niramaruthur",
                        "Ozhur",
                        "Pariyapuram",
                        "Perumanna",
                        "Ponmala",
                        "Ponmundam",
                        "Purathur",
                        "Talakkad",
                        "Tanalur",
                        "Tanur",
                        "Thirunavaya",
                        "Triprangode",
                        "Valavannur",
                        "Vettom"
                    ]
                },
                {
                    "subDistrict": "Tirurangadi",
                    "villages": [
                        "Abdu Rahiman Nagar",
                        "Ariyallur",
                        "Chelambra",
                        "Kannamangalam",
                        "Moonniyur",
                        "Nannambra",
                        "Neduva",
                        "Othukkungal",
                        "Pallikal",
                        "Parappanangadi",
                        "Parappur",
                        "Peruvallur",
                        "Thenhippalam",
                        "Thennala",
                        "Tirurangadi",
                        "Urakam",
                        "Vallikkunnu",
                        "Vengara"
                    ]
                }
            ]
        },
        {
            "district": "Palakkad",
            "subDistricts": [
                {
                    "subDistrict": "Alathur",
                    "villages": [
                        "Alathur",
                        "Erimayur I",
                        "Erimayur Ii",
                        "Kannambra I",
                        "Kannambra Ii",
                        "Kavasseri I",
                        "Kavasseri Ii",
                        "Kizhakkencheri I",
                        "Kizhakkencheri Ii",
                        "Kottayi I",
                        "Kottayi Ii",
                        "Kuthannur I",
                        "Kuthannur Ii",
                        "Kuzhalmannam I",
                        "Kuzhalmannam Ii",
                        "Mangalam Dam",
                        "Mathur I",
                        "Mathur Ii",
                        "Melarcode",
                        "Peringottukurissi I",
                        "Peringottukurissi Ii",
                        "Puducode",
                        "Tarur I",
                        "Tarur Ii",
                        "Thenkurissi I",
                        "Thenkurissi Ii",
                        "Vadakkancheri I",
                        "Vadakkancheri Ii",
                        "Vandazhi I",
                        "Vandazhi Ii"
                    ]
                },
                {
                    "subDistrict": "Chittur",
                    "villages": [
                        "Ayiloor",
                        "Chittur",
                        "Elavancherry",
                        "Eruthempathy",
                        "Kairady",
                        "Koduvayur",
                        "Koduvayur Ii",
                        "Kollengode I",
                        "Kollengode Ii",
                        "Kozhinjampara",
                        "Kozhipathy",
                        "Moolathara",
                        "Muthalamada I",
                        "Muthalamada Ii",
                        "Nalleppilly",
                        "Nelliyampathy",
                        "Nemmara",
                        "Ozhalapathy",
                        "Pallassana",
                        "Pattanchery",
                        "Perumatty",
                        "Puthunagaram",
                        "Thathamangalam",
                        "Thekkedesom",
                        "Thiruvazhiyad",
                        "Vadakarapathy",
                        "Vadavannur",
                        "Valiyavallampathy",
                        "Vallanghy",
                        "Vandithavalam"
                    ]
                },
                {
                    "subDistrict": "Mannarkad",
                    "villages": [
                        "Agali",
                        "Alanallur I",
                        "Alanallur Ii",
                        "Alanallur Iii",
                        "Kallamala",
                        "Karakurissi",
                        "Karimba I",
                        "Karimba Ii",
                        "Kottathara",
                        "Kottoppadam I",
                        "Kottoppadam Ii",
                        "Kottoppadam Iii",
                        "Kumaramputhur",
                        "Mannarkad I",
                        "Mannarkad Ii",
                        "Padavayal",
                        "Palakkayam",
                        "Payyanadam",
                        "Pottassery I",
                        "Pottassery Ii",
                        "Pudur",
                        "Sholayur",
                        "Thachampara",
                        "Thachanattukara I",
                        "Thachanattukara Ii"
                    ]
                },
                {
                    "subDistrict": "Ottappalam",
                    "villages": [
                        "Ambalapara I",
                        "Ambalapara Ii",
                        "Anakkara",
                        "Ananganadi",
                        "Chalavara",
                        "Chalissery",
                        "Cherpulacherry",
                        "Kadampazhipuram I",
                        "Kadampazhipuram Ii",
                        "Kappur",
                        "Karimpuzha I",
                        "Karimpuzha Ii",
                        "Koppam",
                        "Kulukkallur",
                        "Lakkidi Perur I",
                        "Lakkidi Perur Ii",
                        "Muthuthala",
                        "Nagalassery",
                        "Nellaya",
                        "Ongallur I",
                        "Ongallur Ii",
                        "Parudur",
                        "Pattambi",
                        "Pattithara",
                        "Sreekrishnapuram I",
                        "Sreekrishnapuram Ii",
                        "Thirumittacode I",
                        "Thirumittacode Ii",
                        "Thiruvegapura",
                        "Thrikkadeeri I",
                        "Thrikkadeeri Ii",
                        "Thrithala",
                        "Vallapuzha",
                        "Vaniyamkulam I",
                        "Vaniyamkulam Ii",
                        "Vellinezhi",
                        "Vilayur"
                    ]
                },
                {
                    "subDistrict": "Palakkad",
                    "villages": [
                        "Elappully I",
                        "Elappully Ii",
                        "Hemambikanagar",
                        "Kannadi I",
                        "Kannadi Ii",
                        "Keralassery",
                        "Kodumba",
                        "Kongad I",
                        "Kongad Ii",
                        "Malampuzha I",
                        "Malampuzha Ii",
                        "Mankara",
                        "Mannur",
                        "Marutharode",
                        "Mundur I",
                        "Mundur Ii",
                        "Parli I",
                        "Parli Ii",
                        "Peruvemba",
                        "Pirayiri",
                        "Polpully",
                        "Pudussery Central",
                        "Pudussery East",
                        "Pudussery West",
                        "Puthuppariyaram",
                        "Puthuppariyaram I"
                    ]
                }
            ]
        },
        {
            "district": "Pathanamthitta",
            "subDistricts": [
                {
                    "subDistrict": "Adoor",
                    "villages": [
                        "Angadickal",
                        "Enadimangalam",
                        "Enathu",
                        "Erathu",
                        "Ezhamkulam",
                        "Kadampanadu",
                        "Kalanjoor",
                        "Kodumon",
                        "Koodal",
                        "Kurampala",
                        "Pallickal",
                        "Pandalam",
                        "Pandalam Thekkekara",
                        "Peringanadu"
                    ]
                },
                {
                    "subDistrict": "Kozhenchery",
                    "villages": [
                        "Aranmula",
                        "Aruvappulam",
                        "Chenneerkara",
                        "Elanthoor",
                        "Iravan",
                        "Kidangannur",
                        "Konni",
                        "Konnithazham",
                        "Kozhenchery",
                        "Kulanada",
                        "Malayalapuzha",
                        "Mallapuzhassery",
                        "Mezhuveli",
                        "Mylapra",
                        "Naranganam",
                        "Omalloor",
                        "Pathanamthitta",
                        "Pramadom",
                        "Thannithode",
                        "Vallicode",
                        "Vallicode Kottayam"
                    ]
                },
                {
                    "subDistrict": "Mallappally",
                    "villages": [
                        "Anicad",
                        "Ezhumattoor",
                        "Kallooppara",
                        "Kottangal",
                        "Kunnamthanam",
                        "Mallappally",
                        "Perumpetty",
                        "Puramattam",
                        "Thelliyoor"
                    ]
                },
                {
                    "subDistrict": "Ranni",
                    "villages": [
                        "Angadi",
                        "Athikkayam",
                        "Ayiroor",
                        "Cherukole",
                        "Chethakkal",
                        "Chittar Seethathodu",
                        "Kollamula",
                        "Pazhavangadi",
                        "Perunad",
                        "Ranni",
                        "Vadasserikkara"
                    ]
                },
                {
                    "subDistrict": "Thiruvalla",
                    "villages": [
                        "Eraviperoor",
                        "Kadapra",
                        "Kaviyoor",
                        "Kavumbhagom",
                        "Koipuram",
                        "Kuttoor",
                        "Nedumpuram",
                        "Niranam",
                        "Peringara",
                        "Thottapuzhassery"
                    ]
                }
            ]
        },
        {
            "district": "Thiruvananthapuram",
            "subDistricts": [
                {
                    "subDistrict": "Chirayinkeezhu",
                    "villages": [
                        "Alamcode",
                        "Attingal Avanavancherry",
                        "Ayiroor",
                        "Azhoor",
                        "Chemmaruthy",
                        "Edakkode",
                        "Edava",
                        "Elamba Mudakkal",
                        "Kadakkavoor",
                        "Karavaram",
                        "Keezhattingal",
                        "Kilimanoor",
                        "Kizhuvalam Koonthalloor",
                        "Koduvazhannoor",
                        "Kudavoor",
                        "Madavoor",
                        "Manamboor",
                        "Nagaroor",
                        "Navaikulam",
                        "Ottoor",
                        "Pallickal",
                        "Pazhayakunnummel",
                        "Pulimath",
                        "Sarkara Chirayinkeezhu",
                        "Vakkom",
                        "Vellalloor",
                        "Vettoor Cherunniyoor"
                    ]
                },
                {
                    "subDistrict": "Nedumangad",
                    "villages": [
                        "Anad",
                        "Aruvikkara",
                        "Aryanad",
                        "Kallara",
                        "Karakulam",
                        "Koliyakode",
                        "Kurupuzha",
                        "Manikkal",
                        "Mannoorkara",
                        "Nellanad",
                        "Palode",
                        "Panavoor",
                        "Pangode",
                        "Peringamala",
                        "Perumkulam",
                        "Pullampara",
                        "Theakada",
                        "Thennoor",
                        "Tholicode",
                        "Uzhamalackal",
                        "Vamanapuram",
                        "Vattappara",
                        "Veeranakavu",
                        "Vellanad",
                        "Vembayam",
                        "Vithura"
                    ]
                },
                {
                    "subDistrict": "Neyyattinkara",
                    "villages": [
                        "Amboori",
                        "Anavoor",
                        "Athiyannur",
                        "Chenkal",
                        "Kallikkad",
                        "Kanjiramkulam",
                        "Karode",
                        "Karumkulam",
                        "Keezharoor",
                        "Kollayil",
                        "Kottukal",
                        "Kovalam",
                        "Kulathoor",
                        "Kulathummal",
                        "Kunnathukal",
                        "Malayinkeezhu",
                        "Maranalloor",
                        "Ottasekharamangalam",
                        "Pallichal",
                        "Parassala",
                        "Parasuvaikkal",
                        "Perumkadavila",
                        "Thirupuram",
                        "Vazhichal",
                        "Vellarada",
                        "Vilappil",
                        "Vilavoorkkal",
                        "Vizhinjam"
                    ]
                },
                {
                    "subDistrict": "Thiruvananthapuram",
                    "villages": [
                        "Andoorkonam",
                        "Iroopara",
                        "Kadinamkulam",
                        "Kalliyoor",
                        "Kazhakkoottam",
                        "Keezhthonnakkal",
                        "Kudappanakkunnu",
                        "Melthonnakkal",
                        "Menamkulam",
                        "Pallippuram",
                        "Sreekaryam",
                        "Uliyazhathura",
                        "Vattiyoorkavu",
                        "Veiloor",
                        "Venganoor"
                    ]
                }
            ]
        },
        {
            "district": "Thrissur",
            "subDistricts": [
                {
                    "subDistrict": "Chavakkad",
                    "villages": [
                        "Annakara",
                        "Brahmakulam",
                        "Edakkazhiyur",
                        "Elavally",
                        "Engandiyur",
                        "Irimbranallur",
                        "Iringaprom",
                        "Kadappuram",
                        "Kadikkad",
                        "Kundazhiyur",
                        "Mullassery",
                        "Nattika",
                        "Orumanayur",
                        "Paluvai",
                        "Pavaratty",
                        "Perakam",
                        "Pookode",
                        "Punnayur",
                        "Punnayurkulam",
                        "Talikkulam",
                        "Thaikkad",
                        "Vadakkekad",
                        "Vadanappally",
                        "Valappad",
                        "Venkitangu",
                        "Venmanad",
                        "Vylathur"
                    ]
                },
                {
                    "subDistrict": "Kodungallur",
                    "villages": [
                        "Ala",
                        "Azhikode",
                        "Chendrappini",
                        "Edathiruthy",
                        "Edavilangu",
                        "Eriyad",
                        "Kaipamangalam",
                        "Koolimuttam",
                        "Madathumpady",
                        "Methala",
                        "Padinjare Vemballur",
                        "Pallippuram",
                        "Panangad",
                        "Pappinivattom",
                        "Perinjanam",
                        "Poyya"
                    ]
                },
                {
                    "subDistrict": "Mukundapuram",
                    "villages": [
                        "Alathur",
                        "Alur",
                        "Amballur",
                        "Anandapuram",
                        "Annallur",
                        "Chengallur",
                        "Edathirinji",
                        "Elanjipra",
                        "Irinjalakuda",
                        "Kaduppassery",
                        "Kakkulissery",
                        "Kallettumkara",
                        "Kallur",
                        "Kallur Thekkummuri",
                        "Kallur Vadakkummuri",
                        "Karalam",
                        "Karumathra",
                        "Kattur",
                        "Kizhakkummuri",
                        "Kodakara",
                        "Kodassery",
                        "Koratty",
                        "Kottanellur",
                        "Kuruvilassery",
                        "Kuttichira",
                        "Madayikonam",
                        "Manavalassery",
                        "Mattathur",
                        "Melur",
                        "Mupliyam",
                        "Muringur Vadakkummuri",
                        "Muriyad",
                        "Nandipulam",
                        "Nellayi",
                        "Nenmenikkara",
                        "Padiyur",
                        "Parappukkara",
                        "Pariyaram",
                        "Poomangalam",
                        "Porathissery",
                        "Pullur",
                        "Puthenchira",
                        "Puthukkad",
                        "Thazhekkad",
                        "Thekkumkara",
                        "Thirumukkulam",
                        "Thottippal",
                        "Trikkur",
                        "Vadakkumbhagom",
                        "Vadakkumkara",
                        "Vadama",
                        "Vallivattom",
                        "Varandarappilly",
                        "Vellikulangara",
                        "Vellookkara"
                    ]
                },
                {
                    "subDistrict": "Talappilly",
                    "villages": [
                        "Akathiyoor",
                        "Alur",
                        "Arangottukara",
                        "Attoor",
                        "Chelakkara",
                        "Chelakode",
                        "Chemmanthatta",
                        "Cheruthuruthi",
                        "Chiramanangad",
                        "Chiranellur",
                        "Chittanda",
                        "Choondal",
                        "Chowwannur",
                        "Desamangalam",
                        "Elanad",
                        "Enkakkad",
                        "Eranellur",
                        "Eyyal",
                        "Kadangode",
                        "Kadavallur",
                        "Kandanassery",
                        "Kanipayyur",
                        "Kaniyarkode",
                        "Kanjirakode",
                        "Karikkad",
                        "Kariyannur",
                        "Karumathara",
                        "Kattakampal",
                        "Killimangalam",
                        "Kiralur",
                        "Kondazhy",
                        "Kottappuram",
                        "Kumaranellur",
                        "Kurumala",
                        "Manalithara",
                        "Mangad",
                        "Mayannur",
                        "Minalur",
                        "Mullurkara",
                        "Mundathikode",
                        "Nedumpura",
                        "Nelluwaya",
                        "Painkulam",
                        "Pallur",
                        "Pampady",
                        "Pangarappilly",
                        "Panjal",
                        "Parlikad",
                        "Pazhanji",
                        "Pazhayannur",
                        "Peringandoor",
                        "Perumpilavu",
                        "Pilakkad",
                        "Porkulam",
                        "Pulakode",
                        "Puthuruthy",
                        "Thalassery",
                        "Thayyur",
                        "Thekkumkara",
                        "Thichur",
                        "Thiruvilwamala",
                        "Thonnurkara",
                        "Vadakkethara",
                        "Varavoor",
                        "Vellarakkad",
                        "Vellattanjur",
                        "Velur",
                        "Venganellur",
                        "Vennur",
                        "Viruppakka",
                        "Wadakkanchery"
                    ]
                },
                {
                    "subDistrict": "Thrissur",
                    "villages": [
                        "Adat",
                        "Alappad",
                        "Anjur",
                        "Anthicad",
                        "Arattupuzha",
                        "Avanur",
                        "Avinissery",
                        "Chalakkal",
                        "Chazhoor",
                        "Cherpu",
                        "Chevvoor",
                        "Chittilappilly",
                        "Choolissery",
                        "Edakkalathur",
                        "Eravu",
                        "Inchamudi",
                        "Kainoor",
                        "Kaiparamba",
                        "Karamuck",
                        "Killannur",
                        "Kizhakkummuri",
                        "Kizhuppillikkara",
                        "Kodannur",
                        "Kolazhy",
                        "Kozhukkully",
                        "Kurichikkara",
                        "Kurumpilavu",
                        "Kuttoor",
                        "Madakkathara",
                        "Manakkody",
                        "Manalur",
                        "Mannamangalam",
                        "Marathakkara",
                        "Mulayam",
                        "Nadathara",
                        "Oorakam",
                        "Padiyam",
                        "Palissery",
                        "Pallippuram",
                        "Pananchery",
                        "Parakkad",
                        "Paralam",
                        "Peechi",
                        "Peramangalam",
                        "Pottore",
                        "Pullu",
                        "Puranattukara",
                        "Puthur",
                        "Puzhakkal",
                        "Thangalur",
                        "Thanniyam",
                        "Tholur",
                        "Vadakkummuri",
                        "Vallachira",
                        "Velappaya",
                        "Vellanikkara",
                        "Veluthur",
                        "Venginissery"
                    ]
                }
            ]
        },
        {
            "district": "Wayanad",
            "subDistricts": [
                {
                    "subDistrict": "Mananthavady",
                    "villages": [
                        "Anchukunnu",
                        "Cherukottur",
                        "Edavaka",
                        "Kanjirangad",
                        "Mananthavady",
                        "Nalloornad",
                        "Panamaram",
                        "Payyampally",
                        "Periya",
                        "Porunnanore",
                        "Thavinhal",
                        "Thirunelly",
                        "Thondernad",
                        "Thrissilery",
                        "Valat",
                        "Vellamunda"
                    ]
                },
                {
                    "subDistrict": "Sulthanbathery",
                    "villages": [
                        "Ambalavayal",
                        "Cheeral",
                        "Irulam",
                        "Kidanganad",
                        "Krishnagiri",
                        "Kuppadi",
                        "Nadavayal",
                        "Nenmeni",
                        "Noolpuzha",
                        "Padichira",
                        "Poothadi",
                        "Pulpalli",
                        "Purakkadi",
                        "Sulthanbathery",
                        "Thomattuchal"
                    ]
                },
                {
                    "subDistrict": "Vythiri",
                    "villages": [
                        "Achooranam",
                        "Chundale",
                        "Kaniambetta",
                        "Kavumannam",
                        "Kottappadi",
                        "Kottathara",
                        "Kunnathidavaka",
                        "Kuppadithara",
                        "Muppainad",
                        "Muttil North",
                        "Muttil South",
                        "Padinharethara",
                        "Pozhuthana",
                        "Thariyode",
                        "Thrikkaipatta",
                        "Vellarimala",
                        "Vengappally"
                    ]
                }
            ]
        }
    ],
    "state": "Kerala"
}