{
    "districts": [
        {
            "district": "Lakshadweep",
            "subDistricts": [
                {
                    "subDistrict": "Agatti",
                    "villages": [
                        "Agatti",
                        "Bangaram",
                        "Kalpitti",
                        "Parali",
                        "Tinnakara"
                    ]
                },
                {
                    "subDistrict": "Amini",
                    "villages": [
                        "Amini"
                    ]
                },
                {
                    "subDistrict": "Andrott",
                    "villages": [
                        "Andrott"
                    ]
                },
                {
                    "subDistrict": "Bitra",
                    "villages": [
                        "Bitra"
                    ]
                },
                {
                    "subDistrict": "Chetlat",
                    "villages": [
                        "Chetlat"
                    ]
                },
                {
                    "subDistrict": "Kadmat",
                    "villages": [
                        "Kadmat"
                    ]
                },
                {
                    "subDistrict": "Kalpeni",
                    "villages": [
                        "Cheriyam",
                        "Kalpeni",
                        "Kodithala",
                        "Pitti",
                        "Tilakkam"
                    ]
                },
                {
                    "subDistrict": "Kavaratti",
                    "villages": [
                        "Kavaratti",
                        "Pitti",
                        "Suheli Cheriyakara",
                        "Suheli Valiyakara"
                    ]
                },
                {
                    "subDistrict": "Kiltan",
                    "villages": [
                        "Kiltan"
                    ]
                },
                {
                    "subDistrict": "Minicoy",
                    "villages": [
                        "Minicoy",
                        "Viringili"
                    ]
                }
            ]
        }
    ],
    "state": "Lakshadweep"
}