{
    "districts": [
        {
            "district": "Aizawl",
            "subDistricts": [
                {
                    "subDistrict": "Aibawk",
                    "villages": [
                        "Aibawk",
                        "Chamring",
                        "Changpui Agri Farm",
                        "Changtekai",
                        "Chawilung",
                        "Falkawn",
                        "Hmuifang",
                        "Hualngohmun",
                        "Kelsih",
                        "Khawhminglokawn",
                        "Lamchhip",
                        "Lungsei",
                        "Muallungthu",
                        "N Lungsai",
                        "Paikhai",
                        "Phulpui",
                        "S Maubuang",
                        "Sailam",
                        "Samlukhai",
                        "Sateek",
                        "Sialsuk",
                        "Sumsuih",
                        "Tachhip",
                        "Thiak",
                        "Thingdawl"
                    ]
                },
                {
                    "subDistrict": "Darlawn",
                    "villages": [
                        "Chhanchhuahna Khawpui",
                        "E Phaileng",
                        "Hmunnghak",
                        "Kani",
                        "Kepran",
                        "Khanpui",
                        "Khawkawi",
                        "Khawpuar",
                        "Khawruhlian",
                        "Lailak",
                        "Lower Sakawrdai",
                        "Luakchhuah",
                        "Lungsum",
                        "N Khawdungsei",
                        "N Serzawl",
                        "N Tinghmun",
                        "New Vervek",
                        "Old Tengtawng",
                        "Old Vervek",
                        "Palsang",
                        "Pehlawn",
                        "Ratu",
                        "Sailutar",
                        "Sawleng",
                        "Sunhluchhip",
                        "Thingsat",
                        "Tuirinikai",
                        "Upper Sakawrdai",
                        "Vaitin",
                        "Vervek",
                        "Zohmun",
                        "Zokhawthiang"
                    ]
                },
                {
                    "subDistrict": "Phullen",
                    "villages": [
                        "Daido",
                        "Khawlian",
                        "Lamherh",
                        "Luangpawn",
                        "N E Tlangnuam",
                        "N Khawlek",
                        "Phuaibuang",
                        "Phullen",
                        "Suangpuilawn",
                        "Thanglailung",
                        "Vanbawng",
                        "Zawngin"
                    ]
                },
                {
                    "subDistrict": "Thingsulthliah",
                    "villages": [
                        "Aichalkawn",
                        "Buhban",
                        "C T I Sesawng",
                        "Darlawng",
                        "Dilkhan",
                        "Edenthar",
                        "Lenchim",
                        "Maite",
                        "Mualmam",
                        "Mualpheng",
                        "N Lungpher",
                        "Phaibawk",
                        "Phulmawi",
                        "Saisih Vety Farm",
                        "Seling",
                        "Sesawng",
                        "Sihfa",
                        "Tawizo",
                        "Thingsul Tlangnuam",
                        "Thingsulthliah",
                        "Tlungvel",
                        "Tualbung",
                        "Tuikhurhlu"
                    ]
                },
                {
                    "subDistrict": "Tlangnuam",
                    "villages": [
                        "Bung Ib",
                        "Lungleng I",
                        "Muthi",
                        "N Lungleng",
                        "Nausel",
                        "Neihbawih",
                        "Puansen",
                        "Sairum",
                        "Samtlang",
                        "Sihphir",
                        "Tuirial",
                        "Tuirial Jail"
                    ]
                }
            ]
        },
        {
            "district": "Champhai",
            "subDistricts": [
                {
                    "subDistrict": "Champhai",
                    "villages": [
                        "Hnahlan",
                        "Khuangphah",
                        "Lungphunlian",
                        "Murlen",
                        "N E Diltlang",
                        "N Khawbung",
                        "Ngur",
                        "Tualcheng",
                        "Vaikhawtlang",
                        "Vapar"
                    ]
                },
                {
                    "subDistrict": "East Lungdar",
                    "villages": [
                        "Riangtlei",
                        "Sialhawk",
                        "Tlangpui"
                    ]
                },
                {
                    "subDistrict": "Khawbung",
                    "villages": [
                        "Buang",
                        "Bulfekzawl",
                        "Bungzung",
                        "Dungtlang",
                        "E Chawngtui",
                        "Farkawn",
                        "Hruaikawn",
                        "Khankawn",
                        "Khuangleng",
                        "Khuangthing",
                        "Leisenzo",
                        "Leithum",
                        "Lianpui",
                        "S Khawbung",
                        "Samthang",
                        "Sazep",
                        "Sesih",
                        "Thekpui",
                        "Thekte",
                        "Vangchhia",
                        "Vanzau",
                        "Vaphai",
                        "Zawlsei",
                        "Zawngtetui"
                    ]
                },
                {
                    "subDistrict": "Khawzawl",
                    "villages": [
                        "Aiduzawl",
                        "Arro",
                        "Chalrang",
                        "Chawngtlai",
                        "Chhawrtui",
                        "Demdum",
                        "Dilkawn",
                        "Dulte",
                        "Hmuncheng",
                        "Kawlkulh",
                        "Kelkang",
                        "Khawpuitan",
                        "Khuailui",
                        "Khualen",
                        "Lungtan",
                        "Melbuk",
                        "Melhnih",
                        "Mualkawi",
                        "Mualzen",
                        "Neihdawn",
                        "New Chalrang",
                        "Ngaizawl",
                        "Pamchung",
                        "Phunchawngzawl",
                        "Puilo",
                        "Rabung",
                        "Tlangmawi",
                        "Tualpui",
                        "Tualte",
                        "Tuipui",
                        "Vangtlang",
                        "Vankal",
                        "Zaupui",
                        "Zokhawthar"
                    ]
                },
                {
                    "subDistrict": "Ngopa",
                    "villages": [
                        "Changzawl",
                        "Chiahpui",
                        "Hliappui",
                        "Hliappui S",
                        "Hrianghmun",
                        "Kawlbem",
                        "Khawkawn",
                        "Lamzawl",
                        "Mimbung",
                        "N E Khawdungsei",
                        "Ngopa",
                        "Pawlrang",
                        "Saichal",
                        "Selam",
                        "Teikhang",
                        "Tualbung"
                    ]
                }
            ]
        },
        {
            "district": "Kolasib",
            "subDistricts": [
                {
                    "subDistrict": "Bilkhawthlir",
                    "villages": [
                        "Bilkhawthlir",
                        "Buhchangphai",
                        "Builum",
                        "Bukvannei",
                        "Chemphai",
                        "Chite",
                        "Meidum",
                        "N Chawnpui",
                        "N Chhimluang",
                        "N Thinglian",
                        "Pangbalkawn",
                        "Phainuam",
                        "Phaisen",
                        "Phaizau",
                        "S Chhimluang",
                        "Saihapui K",
                        "Saihapui V",
                        "Saiphai",
                        "Saipum",
                        "Vakultui",
                        "Zambira"
                    ]
                },
                {
                    "subDistrict": "N Thingdawl",
                    "villages": [
                        "Asproveng",
                        "Bukpui",
                        "Dilzau H",
                        "Dilzau T",
                        "Dumkhel",
                        "Hmaibialaveng",
                        "Hortoki",
                        "Lelhchhun",
                        "N Chaltlang",
                        "N Hlimen",
                        "N Mualvum",
                        "N Thingdawl",
                        "Parsenchhip",
                        "Pualrang",
                        "Rajtali",
                        "Saizawl",
                        "Sethawn",
                        "Theichangbung",
                        "Thingthelh",
                        "Zanlawn"
                    ]
                },
                {
                    "subDistrict": "Tlangnuam",
                    "villages": [
                        "Bawnga Veng",
                        "Khamrang",
                        "Lungdai",
                        "Lungmuat",
                        "Mualkhang",
                        "Nisapui",
                        "Sentlang",
                        "Serkhan"
                    ]
                }
            ]
        },
        {
            "district": "Lawngtlai",
            "subDistricts": [
                {
                    "subDistrict": "Chawngte",
                    "villages": [
                        "Adubangasora",
                        "Ajasora",
                        "Ajasora Ii",
                        "Ajasora Iii",
                        "Bajeisora",
                        "Betbonya",
                        "Bilosora",
                        "Boganpara",
                        "Bondukbangsora",
                        "Boraguisuri",
                        "Boraituli",
                        "Borakabakhali",
                        "Borapansury I",
                        "Borapansury Ii",
                        "Borkolok",
                        "Bormon",
                        "Boronasury",
                        "Bortuli",
                        "Bungkawn S",
                        "Chaminisora",
                        "Charluitlang",
                        "Chhippui",
                        "Chhotaguisuri I",
                        "Chhotaguisuri Ii",
                        "Chhotapansury",
                        "Damdep I",
                        "Damdep Ii",
                        "Devasora",
                        "Devasora S",
                        "Duduksora",
                        "Dursora",
                        "Futsora",
                        "Futsury",
                        "Geraguluksora",
                        "Gerasury",
                        "Gobabsuri",
                        "Golasuri",
                        "Gulsingbabsora",
                        "Jamersury",
                        "Jaruldulbasora",
                        "Jarulsury",
                        "Kamalanagar Iv",
                        "Kamlanagar I",
                        "Kamlanagar Ii",
                        "Kamlanagar Iii",
                        "Kamtuli",
                        "Kukurduleya",
                        "Kurbalavasora",
                        "Lokhisuri",
                        "Longpuighat",
                        "Ludisora",
                        "Mainababsora I",
                        "Mainababsora Ii",
                        "Mandirasora",
                        "Montola",
                        "Nagdarasora",
                        "Nalbanya",
                        "New Chhippui",
                        "Ngharum",
                        "Old Bajeisora",
                        "Pablakhali",
                        "Parva I",
                        "Parva Ii",
                        "Parva Iii",
                        "Peglababsora",
                        "Rajmandal I",
                        "Rajmandal Ii",
                        "Rengashya",
                        "Silbanga",
                        "Silosora",
                        "Silsury",
                        "Simeinasora",
                        "Simeisuri",
                        "Songrasury",
                        "Tongasora",
                        "Udalthana I",
                        "Udalthana Ii",
                        "Ugudasury",
                        "Ugudasury S",
                        "Ugulsury",
                        "Ulusury",
                        "Vaseitlang I",
                        "Vaseitlang Ii",
                        "W Saizawh"
                    ]
                },
                {
                    "subDistrict": "Lawngtlai",
                    "villages": [
                        "Chawngte P",
                        "Chawngtelui",
                        "Chawntlangpui",
                        "Darnamtlang",
                        "Diltlang S",
                        "Gobasora",
                        "Hmawngbu",
                        "Hmawngbuchhuah",
                        "Hmunlai",
                        "Hruitezawl",
                        "Kakichhuah",
                        "Kawlchaw W",
                        "Kawrthindeng",
                        "Lalmonaveng",
                        "Lawnglang",
                        "Lawngtlaikai",
                        "Liapha",
                        "Lunghauka",
                        "Mampui",
                        "Mualbu L",
                        "Ngengpuikai",
                        "Ngengpuitlang",
                        "Paithar",
                        "Rulkual",
                        "S Chawnpui",
                        "Sabualtlang",
                        "Saikah",
                        "Saizawh E",
                        "Sakeilui I",
                        "Sakeilui Ii",
                        "Sihtlangpui",
                        "Sumsilui",
                        "Tuidangtlang",
                        "Tuikhurlui",
                        "Tuipui I B",
                        "Tuithumhnar",
                        "Vanhne R",
                        "Zochawchhuah"
                    ]
                },
                {
                    "subDistrict": "S Bungtlang",
                    "villages": [
                        "Balisora",
                        "Chamdur P I",
                        "Chamdur P Ii",
                        "Chamdurtlang I",
                        "Chamdurtlang Ii",
                        "Chikhurlui",
                        "Damlui",
                        "Dumzau I",
                        "Dumzautlang",
                        "Fangfarlui",
                        "Hmunnuam",
                        "Jognasuri",
                        "Karlui",
                        "Laitlang",
                        "M Kawnpui",
                        "Mautlang",
                        "Nghalimlui",
                        "Ngunlingkhua",
                        "Pandawnglui",
                        "S Bungtlang",
                        "Saibawh",
                        "Saikhawthlir",
                        "Sekulh",
                        "Tuichawngtlang",
                        "Tuisentlang",
                        "Vaseikai",
                        "Vathuampui"
                    ]
                },
                {
                    "subDistrict": "Sangau",
                    "villages": [
                        "Archhuang",
                        "Bualpui Ng E",
                        "Bualpui Ng W",
                        "Cheural",
                        "Fungkah",
                        "Lungpher",
                        "Lungtian",
                        "Lungzarhtum",
                        "Pangkhua",
                        "Rawlbuk",
                        "Sangau E",
                        "Sangau W",
                        "Sentetfiang",
                        "Siachangkawn",
                        "Thaltlang",
                        "Tialdawngi Lung",
                        "Vartek",
                        "Vartekkai",
                        "Vawmbuk"
                    ]
                }
            ]
        },
        {
            "district": "Lunglei",
            "subDistricts": [
                {
                    "subDistrict": "Hnahthial",
                    "villages": [
                        "Aithur",
                        "Bualpui H",
                        "Cherhlun",
                        "Darzo",
                        "Denlung",
                        "E Rotlang",
                        "Khawhlum",
                        "Khawhri",
                        "Khawnglung",
                        "Kutkawk",
                        "Leite",
                        "Lungpuitlang",
                        "Maudarh",
                        "Muallianpui",
                        "New Ngharchhip",
                        "Old Ngharchhip",
                        "Pangzawl",
                        "Rawpui",
                        "S Chawngtui",
                        "S Lungleng",
                        "S Vanlaiphai",
                        "Tarpho",
                        "Thiltlang",
                        "Thingsai",
                        "Tuipui"
                    ]
                },
                {
                    "subDistrict": "Lunglei",
                    "villages": [
                        "Bualpui V",
                        "Bualte",
                        "Bualte Bawk",
                        "Buknuam",
                        "Chengpui",
                        "Chhipphir",
                        "Chithar",
                        "Dawn",
                        "Haulawng",
                        "Herhse",
                        "Hlumte",
                        "Hmuntlang",
                        "Kawmzawl",
                        "Lungmawi",
                        "Mamte",
                        "Matbawk",
                        "Mausen",
                        "Mualthuam S",
                        "N Mualthuam",
                        "New Dawn",
                        "Pachang",
                        "Ralvawng",
                        "Ramlaitui",
                        "Runtung",
                        "S Kanghmun",
                        "S Lunglei",
                        "S Mualcheng",
                        "S Phaileng",
                        "S Tawipui",
                        "S Zote",
                        "Sairep",
                        "Saza I B",
                        "Sekhum",
                        "Siallu Cattle Farm",
                        "Tawipui N I",
                        "Tawipui N Ii",
                        "Thaizawl",
                        "Thangpui",
                        "Thangte",
                        "Thehlep",
                        "Thingfal",
                        "Thlengang",
                        "Thualthu",
                        "Thuampui",
                        "Vaisam",
                        "Valcheng",
                        "Vanhne",
                        "Zotuitlang"
                    ]
                },
                {
                    "subDistrict": "Lungsen",
                    "villages": [
                        "Andermanik",
                        "Balukiasuri",
                        "Balungsuri",
                        "Belpei",
                        "Belthei",
                        "Benga Veng",
                        "Bindiasora",
                        "Borahorinachhuah",
                        "Bornasuri",
                        "Borsegojasora",
                        "Champasuri",
                        "Chawngte",
                        "Chhuahthum",
                        "Chhumkhum",
                        "Damlui",
                        "Dinthar",
                        "Diplibagh",
                        "Gulsil",
                        "Gurusora",
                        "Hmunthar",
                        "Hruizam",
                        "Kalapani",
                        "Kauchhuah",
                        "Khangrasuri",
                        "Khawmawi",
                        "Khojaisuri",
                        "Khojoisuri",
                        "Khojoisuri Old",
                        "Kumraghat",
                        "Lalnutui",
                        "Lamthai I",
                        "Lamthai Ii",
                        "Lamthai Iii",
                        "Letisuri",
                        "Lungsen",
                        "Mautlang",
                        "Mualmu",
                        "Muriskata",
                        "New Balukiasuri",
                        "New Lungrang",
                        "New Vuakmual",
                        "Ngiautlang",
                        "Nunsuri",
                        "Pangtlang",
                        "Phairuangchhuah",
                        "Phairuangkai",
                        "Putlungasih",
                        "Rangte",
                        "Rolui",
                        "Rualalung",
                        "S Chawilung",
                        "S Tlangkhang",
                        "Sailen",
                        "Saitumkawn",
                        "Samang",
                        "Samuksuri",
                        "Sedailui",
                        "Serhuan",
                        "Sihphirtlang",
                        "Sihtlang",
                        "Silkur",
                        "South Lungrang",
                        "Sugarbasora",
                        "Thanzamasora",
                        "Thekaduar",
                        "Thumbasora",
                        "Tiperaghat I",
                        "Tiperaghat Ii",
                        "Tiperaghat Iii",
                        "Tuichawng",
                        "Tuichawngchhuah",
                        "Tuisen Bolia",
                        "Tuisen Chhuah",
                        "Ukdasuri",
                        "Vairawkai",
                        "Vanzawl",
                        "Vuakmual",
                        "W Rotlang",
                        "Zawlpui",
                        "Zehtet",
                        "Zohmun",
                        "Zuangzawl"
                    ]
                },
                {
                    "subDistrict": "West Bunghmun",
                    "villages": [
                        "Bandiasora",
                        "Buarpui",
                        "Changpui",
                        "Darngawn",
                        "Dengsur",
                        "Devasuri",
                        "Hmundo",
                        "Hnahkhai",
                        "Kawlhawk",
                        "Kawnpui W",
                        "Kohzai",
                        "Laisawral",
                        "Lokisuri",
                        "Lungchem",
                        "Machuasora",
                        "Malsuri",
                        "Mar S",
                        "Mauzam",
                        "New Belkhai",
                        "New Khawlek",
                        "New Sachan",
                        "Phainuam",
                        "Puankhai",
                        "S Belkhai",
                        "S Dampui",
                        "S Khawlek",
                        "S Lungdai",
                        "Sachan",
                        "Saisen",
                        "Salmar",
                        "Serte",
                        "Sertlangpui",
                        "Sesawm",
                        "Sumasumi",
                        "Terabonia",
                        "Thenhlum",
                        "Thingkhim",
                        "Tleu",
                        "W Bunghmun",
                        "W Bungtlang"
                    ]
                }
            ]
        },
        {
            "district": "Mamit",
            "subDistricts": [
                {
                    "subDistrict": "Reiek",
                    "villages": [
                        "Ailawng",
                        "Bawlte",
                        "Bawngthah",
                        "Chungtlang",
                        "Dapchhuah",
                        "Darlung",
                        "Dilzawl",
                        "Hmunpui",
                        "Hreichuk",
                        "Khawrihnim",
                        "Lengte",
                        "Lungphun",
                        "N Kanghmun",
                        "Nghalchawm",
                        "Rallen",
                        "Rawpuichhip",
                        "Reiek",
                        "Rulpuihlim",
                        "S Sabual",
                        "Saitlaw",
                        "Tuahzawl",
                        "Vaak",
                        "W Lungdar",
                        "W Serzawl"
                    ]
                },
                {
                    "subDistrict": "West Phaileng",
                    "villages": [
                        "Aivapui",
                        "Damparengpui",
                        "Falkawn",
                        "Hnahthialzawl",
                        "Hnahva",
                        "Hruiduk",
                        "Kawnmawi",
                        "Keisalam I",
                        "Keisalam Ii",
                        "Khawhnai",
                        "Khawthar",
                        "Lallen",
                        "Lizawn",
                        "Lokisuri",
                        "Marpara North",
                        "Mualvum",
                        "N Chhippui",
                        "Parvatui",
                        "Phuldungsei",
                        "Pukzing",
                        "Pukzing Vengthar",
                        "Saithah",
                        "Salem Boarding",
                        "Sesih",
                        "Silsuri",
                        "Teirei Forest",
                        "Tuichar",
                        "Tuilutkawn",
                        "Tuirum",
                        "W Phaileng",
                        "W Phulpui",
                        "Zawlpui",
                        "Zopui"
                    ]
                },
                {
                    "subDistrict": "Zawlnuam",
                    "villages": [
                        "Andermanik",
                        "Bajirungpaveng",
                        "Bawngva",
                        "Belkhai",
                        "Bungthuam",
                        "Chikhatlang",
                        "Chilui",
                        "Chuhvel",
                        "Damanchhora",
                        "Damdiai",
                        "Dampui",
                        "Darlak",
                        "Dinthar Bethel",
                        "E Chipui",
                        "Hnahthialtlang",
                        "Hriphaw",
                        "K Sarali",
                        "Kananthar",
                        "Kanhmun",
                        "Kawrtethawveng",
                        "Kawrthah",
                        "Khamrang",
                        "Khanthuam",
                        "Khantlang",
                        "Kolalian",
                        "Lahmun",
                        "Lambachhora",
                        "Luimawi",
                        "Lungmawi",
                        "Mualthuam",
                        "N Lunglei",
                        "N Maubuang",
                        "N Sabual",
                        "N Tlangkhang",
                        "Nalzawl",
                        "New Eden",
                        "Persang",
                        "Phaizau",
                        "R Serali",
                        "Rajivnagar",
                        "Rengdil",
                        "Saikhawthlir",
                        "Saipui",
                        "Saipuilui",
                        "Serhmun",
                        "Setlak",
                        "Sihthiang",
                        "Sotapa Veng",
                        "Suarhliap",
                        "Thaidawr",
                        "Thinghlun",
                        "Tiauzau",
                        "Tuidai",
                        "Tuidam",
                        "Tuipuibari",
                        "Tuirum",
                        "Tumpanglui",
                        "Vanmawiaveng",
                        "Vawngawnzo",
                        "W Bunghmun",
                        "W Chipui",
                        "W Damdiai",
                        "W Lungpher",
                        "Zamuang",
                        "Zawlpui",
                        "Zomuantlang"
                    ]
                }
            ]
        },
        {
            "district": "Saiha",
            "subDistricts": [
                {
                    "subDistrict": "Saiha",
                    "villages": [
                        "Ainak",
                        "Chhuarlung I",
                        "Chhuarlung Ii",
                        "Kawlchaw E",
                        "Lower Theiva",
                        "Lungbun",
                        "Maubawk Ch",
                        "Maubawk L",
                        "Niawhtlang I",
                        "Niawhtlang Ii",
                        "Old Tuisumpui",
                        "Phalhrang",
                        "Phusa",
                        "Rawmibawk",
                        "Riasikah",
                        "Siata",
                        "Thingsen",
                        "Tuipui Ferry",
                        "Tuisumpui",
                        "Zeropoint"
                    ]
                },
                {
                    "subDistrict": "Tuipang",
                    "villages": [
                        "Ahmypi",
                        "Bymari",
                        "Chakhang",
                        "Chapui",
                        "Chheihlu",
                        "Dairy Veng Tuipang",
                        "Isa",
                        "Kaisih",
                        "Kaisih New",
                        "Khaikhy",
                        "Khopai",
                        "Laki",
                        "Latawh Old",
                        "Lawngban",
                        "Lehri",
                        "Leisai",
                        "Longmasu",
                        "Lope",
                        "Lungdar",
                        "Lungpuk",
                        "Maila",
                        "Mawhre",
                        "Mipu",
                        "New Latawh",
                        "New Serkawr",
                        "Phura",
                        "Saihatlang",
                        "Sarai",
                        "Serkawr",
                        "Siasi",
                        "Siatlai",
                        "Supha",
                        "Tema",
                        "Theiri",
                        "Tongkolong",
                        "Tuipang L",
                        "Tuipang V",
                        "Tuisih",
                        "Upper Theiva",
                        "Vahai",
                        "Zawngling"
                    ]
                }
            ]
        },
        {
            "district": "Serchhip",
            "subDistricts": [
                {
                    "subDistrict": "East Lungdar",
                    "villages": [
                        "Bawktlang",
                        "Chekawn",
                        "E Lungdar",
                        "Khawlailung",
                        "Leilet N V",
                        "Leng",
                        "Lungchhuan",
                        "Lungkawlh",
                        "Maicham",
                        "N Mualcheng",
                        "Piler",
                        "Puallawi",
                        "Sailulak",
                        "Sialsir",
                        "Tuichang"
                    ]
                },
                {
                    "subDistrict": "Serchhip",
                    "villages": [
                        "Bawngchawm",
                        "Buangpui",
                        "Chhingchhip",
                        "E Bungtlang",
                        "E Thinglian",
                        "Hmuntha",
                        "Hmunzawl",
                        "Hriangtlang",
                        "Keitum",
                        "Khawbel",
                        "Lungpho",
                        "Neihloh",
                        "Ngentiang",
                        "Rullam",
                        "Sialhau",
                        "Thentlang",
                        "Vanchengpui",
                        "Vanchengte"
                    ]
                },
                {
                    "subDistrict": "Thingsulthliah",
                    "villages": [
                        "Baktawng",
                        "Buhkangkawn",
                        "Chanin",
                        "Hmawngkawn",
                        "Hualtu",
                        "Khumtung",
                        "N Chawilung"
                    ]
                }
            ]
        }
    ],
    "state": "Mizoram"
}