{
    "districts": [
        {
            "district": "Dimapur",
            "subDistricts": [
                {
                    "subDistrict": "Aquqhnaqua",
                    "villages": [
                        "Aghunaqa",
                        "Ahoto",
                        "Aoyimchen",
                        "Ghosito",
                        "Hevuxu",
                        "Homeland",
                        "Hozheto",
                        "Hukhai",
                        "Husto",
                        "Izhevi",
                        "Jekishe",
                        "Khehuto",
                        "Khutovi",
                        "Kikheye",
                        "L Vihoto",
                        "Luhevi",
                        "Luhezhe",
                        "Mughavi",
                        "Ngamjalan",
                        "Nguvihe",
                        "Nikihe",
                        "Nikikhe",
                        "Nitozu",
                        "Nizheto",
                        "P Vihoto",
                        "Pihekhu",
                        "Qhuhoi",
                        "R Hovishe",
                        "Shiwoto",
                        "Shokhevi",
                        "Tohoi",
                        "Tohokhu",
                        "Tokishe",
                        "Vikheto",
                        "Xukhuvi",
                        "Yetoho",
                        "Zaka Station",
                        "Zhexuche",
                        "Zutoi"
                    ]
                },
                {
                    "subDistrict": "Chumukedima",
                    "villages": [
                        "5th Mile Model",
                        "7th Mile Model",
                        "7th Mile Vill",
                        "Aoyim",
                        "Aoyimti",
                        "Bade",
                        "Bamunpukhuri A",
                        "Bamunpukhuri B",
                        "Chekiye",
                        "Chumoukedima Vill",
                        "Darogajan",
                        "Darogapathar",
                        "Diezephe",
                        "Diphupar A",
                        "Diphupar B",
                        "Domukhia",
                        "Doshehe",
                        "Dubagaon",
                        "Ekrani Pathar",
                        "Eralibill",
                        "J V Perhereilie",
                        "K Hetoi",
                        "Khriezephe",
                        "Khuovaru",
                        "Khushiabill",
                        "Kirha",
                        "L Hetoi",
                        "L Hotovi",
                        "Murise",
                        "Naga United Vill",
                        "Naharbari",
                        "Padampukhuri",
                        "Puranabazar A",
                        "Puranabazar B",
                        "Samaguri",
                        "Seithekema",
                        "Seithekema A",
                        "Seithekema C",
                        "Shokhuvi",
                        "Shozukhu",
                        "Singrijan",
                        "Sodzulhou",
                        "Sovima",
                        "Sugarmill Area",
                        "Tenyiphe I",
                        "Tenyiphe Ii",
                        "Tenyiphe Iii",
                        "Thilixu",
                        "Toluvi B",
                        "Tseithrongse",
                        "Urra",
                        "Vidima",
                        "Vipon",
                        "Zani"
                    ]
                },
                {
                    "subDistrict": "Dhansiripar",
                    "villages": [
                        "A K Industrial",
                        "Ahoi",
                        "Amaluma",
                        "Daniel",
                        "Dhansiripar Hq",
                        "Dhansiripar Vill",
                        "Disagaphu",
                        "Doyapur Vill",
                        "Ganesnagar",
                        "Ghowoto",
                        "Hazadisa",
                        "K Hetoi",
                        "K Xekiye",
                        "Kakiho",
                        "Khekiho",
                        "Kiyeto",
                        "Kiyevi",
                        "Kiyevi B",
                        "Lothavi",
                        "Manglamukh",
                        "Nihoi",
                        "Phushito",
                        "Pimla",
                        "Pukhaho",
                        "Razhaphe",
                        "Razhaphe Basa",
                        "Shikato",
                        "Shikavi",
                        "Shikuto",
                        "Shitovi",
                        "Toshizu",
                        "Vihoto",
                        "Zutovi"
                    ]
                },
                {
                    "subDistrict": "Dimapur Sadar",
                    "villages": [
                        "Aoyimkum",
                        "Dikoi",
                        "Industrial Vill",
                        "Kacharigaon",
                        "Kashiram",
                        "Kashiram Ao",
                        "Kuda",
                        "Phaipijang",
                        "Rangapahar",
                        "Sangtamtilla",
                        "Senjum",
                        "Signal Angami",
                        "Thahekhu"
                    ]
                },
                {
                    "subDistrict": "Kuhoboto",
                    "villages": [
                        "Ahozhe",
                        "Ghokito",
                        "Henivi",
                        "Hoito",
                        "Hukato",
                        "Khehokhu",
                        "Khughovi",
                        "Kughato",
                        "Kuhuboto",
                        "Lotovi",
                        "Luzheto",
                        "Nihoto",
                        "Nizhevi",
                        "Pukhato",
                        "S Hotovi",
                        "Showuba",
                        "Suhoi",
                        "Tokugha",
                        "Vihokhu",
                        "Vikuho",
                        "Xekiye",
                        "Xelhoshe",
                        "Zuvukhu"
                    ]
                },
                {
                    "subDistrict": "Medziphema",
                    "villages": [
                        "Bungsang",
                        "Hekheshe",
                        "Khaibung",
                        "Khamkaria",
                        "Khanakhuru",
                        "Khuokhidolong",
                        "Medziphema",
                        "Moava",
                        "Molvom",
                        "New Chumukedima",
                        "Pherima",
                        "Pherima Vill",
                        "Piphema",
                        "Piphema A",
                        "Ruzaphema",
                        "Seirhima",
                        "Socunoma",
                        "Tsiepama",
                        "Tsuuma",
                        "Zhuikhu A"
                    ]
                },
                {
                    "subDistrict": "Nihokhu",
                    "villages": [
                        "Ghokuto",
                        "Hokhezhe",
                        "Hozhukhe",
                        "Khehoyi",
                        "New Showuba",
                        "Nihokhu",
                        "Nikhekhu",
                        "S Hetoi",
                        "Sukhato",
                        "Toshiho"
                    ]
                },
                {
                    "subDistrict": "Niuland",
                    "villages": [
                        "Akito",
                        "Ghonivi",
                        "Ghotovi",
                        "Hakhezhe",
                        "Hejeto",
                        "Henito",
                        "Hetoi",
                        "Heviqhe",
                        "Hevishe",
                        "Hezulho",
                        "Hovishe",
                        "Hovukhu",
                        "Itovi",
                        "Khaghaboto",
                        "Kiyelho",
                        "Kiyezhu A",
                        "Kiyezhu B",
                        "Kuhoxu",
                        "Lukuto",
                        "Niuland",
                        "Phuhoto",
                        "Pishikhu",
                        "Sahoi",
                        "Shitoi",
                        "Sunito",
                        "Vishiyi",
                        "Viyito",
                        "Xukiye",
                        "Yehokhu",
                        "Yeveto",
                        "Zuheshe",
                        "Zukihe"
                    ]
                }
            ]
        },
        {
            "district": "Kiphire",
            "subDistricts": [
                {
                    "subDistrict": "Amahator",
                    "villages": [
                        "Amahator Hq",
                        "Amahator Vill",
                        "Changchor",
                        "Huronger",
                        "Hutanger",
                        "Inshikiur",
                        "Keor",
                        "Kichang S Comp",
                        "Kisetong",
                        "Purrur",
                        "Risethsi"
                    ]
                },
                {
                    "subDistrict": "Khongsa",
                    "villages": [
                        "Fakim",
                        "Khong",
                        "Khongsa Hq",
                        "Penkim",
                        "Salomi",
                        "Thanamir",
                        "Tsundang",
                        "Vongtsowong"
                    ]
                },
                {
                    "subDistrict": "Kiphire Sadar",
                    "villages": [
                        "Anatongre",
                        "Kiphire Vill",
                        "Langkok",
                        "Longthonger",
                        "Nuts\u00fc",
                        "Phelungre",
                        "Singrep",
                        "Tsar Farm"
                    ]
                },
                {
                    "subDistrict": "Kiusam",
                    "villages": [
                        "Chikiponger",
                        "Kiusam Hq",
                        "Kiusam Vill",
                        "Longtsunger",
                        "Metonger",
                        "Pokphur",
                        "Sangkhumti",
                        "Sangtsung"
                    ]
                },
                {
                    "subDistrict": "Longmatra",
                    "villages": [
                        "Longmatra",
                        "Longmatra Hq",
                        "New Longmatra",
                        "Ngromi",
                        "Pungren",
                        "Samphur",
                        "Santsoze",
                        "Tetheyu",
                        "Tethezu",
                        "Tsongphong",
                        "Tsulothe Gref Camp",
                        "Tsungaki Camp"
                    ]
                },
                {
                    "subDistrict": "Pungro",
                    "villages": [
                        "Chomi",
                        "Hakumti",
                        "Iponger",
                        "Khongjiri",
                        "Khongka",
                        "Lhep Compound",
                        "Lofukhong",
                        "Longkhimong",
                        "Luthur",
                        "Mimi",
                        "Moya",
                        "Mutingkhong",
                        "New Vongti",
                        "Pungro Hq",
                        "Pungro Vill",
                        "Tekivong",
                        "Vongti",
                        "Zaonger",
                        "Zimkiur"
                    ]
                },
                {
                    "subDistrict": "Seyochung",
                    "villages": [
                        "Longya Comp",
                        "Lukhami",
                        "New Monger",
                        "Old Monger",
                        "Phisami",
                        "Phisami S Comp",
                        "Seyochung Hq",
                        "Seyochung Town Ghs Camp",
                        "Seyochung Vill",
                        "Shothumi A",
                        "Shothumi B",
                        "Thangthur",
                        "Tsunger",
                        "Yangzitong",
                        "Yingphir"
                    ]
                },
                {
                    "subDistrict": "Sitimi",
                    "villages": [
                        "Chehozu",
                        "Honito",
                        "Kiyezhe",
                        "Langzanger",
                        "Natsami",
                        "Nikiye",
                        "Nitoi",
                        "Shishimi",
                        "Sitimi Hq",
                        "Sitimi Vill",
                        "Thazuvi",
                        "Xuvishe",
                        "Yangsekyu"
                    ]
                }
            ]
        },
        {
            "district": "Kohima",
            "subDistricts": [
                {
                    "subDistrict": "Botsa",
                    "villages": [
                        "Botsa",
                        "Gareiphe Basa",
                        "Gareiphema",
                        "Seiyha Phesa",
                        "Seiyhama",
                        "Teichuma",
                        "Tsiemekhuma Basa",
                        "Tsiemekhuma Bawe",
                        "Tuophe Phezou",
                        "Tuophema"
                    ]
                },
                {
                    "subDistrict": "Chiephobozou",
                    "villages": [
                        "4th Nap Batt Thiza",
                        "Chiephobozou",
                        "Ciechama",
                        "Meriema",
                        "Nachama",
                        "Nerhe Model",
                        "Nerhema",
                        "Phekerkrie Basa",
                        "Phekerkrie Bawe",
                        "Phezha",
                        "Rusoma",
                        "Thizama",
                        "Tsiese Basa",
                        "Tsiese Bawe",
                        "Viphoma",
                        "Viphoma Basa",
                        "Zhadima",
                        "Ziezou"
                    ]
                },
                {
                    "subDistrict": "Jakhama",
                    "villages": [
                        "Jakhama Hq",
                        "Jakhama Vill",
                        "Khuzama",
                        "Kigwe Town",
                        "Kigwema",
                        "Mima",
                        "Pfuchama",
                        "Phesama",
                        "Sweba",
                        "Viswema"
                    ]
                },
                {
                    "subDistrict": "Kezocha",
                    "villages": [
                        "Dihoma",
                        "Kezo Basa",
                        "Kezo Town",
                        "Kezocha Hq",
                        "Kezoma",
                        "Kidima",
                        "Kijumetou Basa",
                        "Kijumetouma",
                        "Mitelephe",
                        "Sakhabama"
                    ]
                },
                {
                    "subDistrict": "Kohima Sadar",
                    "villages": [
                        "Chiede Model Vill",
                        "Chiedema",
                        "Kohima Village"
                    ]
                },
                {
                    "subDistrict": "Sechu Zubza",
                    "villages": [
                        "Dzuleke",
                        "Hydro Project Station",
                        "Jotsoma",
                        "Khonoma",
                        "Khonoma Basa",
                        "Kiruphema Basa",
                        "Kiruphema Bawe",
                        "Mengujuma",
                        "Mezo Basa",
                        "Mezoma",
                        "Peducha",
                        "Phezhu",
                        "Sechu",
                        "Sechuma",
                        "Sirhi Angami",
                        "Thekrejuma"
                    ]
                },
                {
                    "subDistrict": "Tseminyu",
                    "villages": [
                        "Chunlikha",
                        "Ehunnu",
                        "Gukhanyu",
                        "Guzinyu",
                        "Henbenji",
                        "K Station",
                        "Kandinu",
                        "Kashanyishi",
                        "Kashanyu",
                        "Khenyu",
                        "Khonibenzun",
                        "Likhwenchu",
                        "New Terogunyu",
                        "New Tesophenyu",
                        "Ngvuphen",
                        "Nsunyu",
                        "Phenda",
                        "Phenshunyu",
                        "Phenwhenyu",
                        "Rumensinyu",
                        "Sewanu",
                        "Sishunu",
                        "Terogunyu",
                        "Tesophenyu",
                        "Tseminyu Old Town",
                        "Tseminyu South",
                        "Tseminyu Vill",
                        "Tsonsa",
                        "Yikhanu",
                        "Ziphenyu",
                        "Zisunyu",
                        "Zunpha Mission Centre"
                    ]
                },
                {
                    "subDistrict": "Tsogin",
                    "villages": [
                        "Longwesunyu",
                        "New Sendenyu",
                        "Rengmapani",
                        "Sendenyu",
                        "Thongsunyu",
                        "Tsogin Hq",
                        "Tsosinyu"
                    ]
                }
            ]
        },
        {
            "district": "Longleng",
            "subDistricts": [
                {
                    "subDistrict": "Longleng",
                    "villages": [
                        "Alayung",
                        "Bhumnyu",
                        "Dungkhao",
                        "Hamlikhong",
                        "Hukpang",
                        "Lingtak",
                        "Mongtikong",
                        "Namching S Comp",
                        "Noksosang",
                        "Orangkong",
                        "Oushok",
                        "Pongching",
                        "Yachem",
                        "Yaongyimchen"
                    ]
                },
                {
                    "subDistrict": "Namsang",
                    "villages": [
                        "Aboiche",
                        "Bura Namsang",
                        "Konsong S Comp",
                        "Ladaigarh",
                        "Namhaching",
                        "Ngetchungshing",
                        "Shemnyuching",
                        "Shetap",
                        "Yonglok"
                    ]
                },
                {
                    "subDistrict": "Sakshi",
                    "villages": [
                        "Auching",
                        "Hongnyu",
                        "Mungkhu",
                        "Pongo",
                        "Sakshi Hq",
                        "Sakshi Village",
                        "Yangching",
                        "Yimchong",
                        "Yongphang",
                        "Yongphang S Comp"
                    ]
                },
                {
                    "subDistrict": "Tamlu",
                    "villages": [
                        "Ametchong",
                        "Kangching",
                        "Netnyuching",
                        "Tamlu Hq",
                        "Tamlu Village"
                    ]
                },
                {
                    "subDistrict": "Yongnyah",
                    "villages": [
                        "Amosen",
                        "Chingong",
                        "Nian",
                        "Shamshangching",
                        "Tangha",
                        "Yongam",
                        "Yongnyah Hq",
                        "Yongnyah Village",
                        "Yongshei",
                        "Yotan S Comp",
                        "Yungja"
                    ]
                }
            ]
        },
        {
            "district": "Mokokchung",
            "subDistricts": [
                {
                    "subDistrict": "Alongkima",
                    "villages": [
                        "Alongkima Hq",
                        "Dibuia",
                        "Dibuia Comp",
                        "Molungkimong",
                        "Molungyimsen",
                        "Molungyimsen B",
                        "Mongchen",
                        "Waromong",
                        "Waromong Comp",
                        "Yimjenkimong"
                    ]
                },
                {
                    "subDistrict": "Changtongya",
                    "villages": [
                        "Akhoia",
                        "Changtongya",
                        "Kilingmen",
                        "Unger",
                        "Yaongyimsen",
                        "Yaongyimsen Comp"
                    ]
                },
                {
                    "subDistrict": "Chuchuyimlang",
                    "villages": [
                        "Chakpa",
                        "Chuchuyimlang",
                        "Chuchuyimlang Vill",
                        "Longkong",
                        "Mongsenyimti",
                        "Mongsenyimti Comp",
                        "Phangsang Comp",
                        "Salulemang",
                        "Yaongyimti",
                        "Yisemyong Comp"
                    ]
                },
                {
                    "subDistrict": "Kubolong",
                    "villages": [
                        "Alongchen Comp",
                        "Chami",
                        "Impur Comp",
                        "Khanimu",
                        "Kubolong Hq",
                        "Longjang",
                        "Longpa",
                        "Mopungchukit",
                        "Sungratsu",
                        "Yimchalu"
                    ]
                },
                {
                    "subDistrict": "Longchem",
                    "villages": [
                        "Akumen",
                        "Alongtaki Comp",
                        "Aonokpu",
                        "Aonokpuyimsen",
                        "Changdang",
                        "Lakhuni",
                        "Lirmen",
                        "Lizo Model Vill",
                        "Longchem Comp",
                        "Nokpu",
                        "Saring",
                        "Tsurmen",
                        "Yajang A",
                        "Yajang B",
                        "Yajang C",
                        "Yajang Model Vill"
                    ]
                },
                {
                    "subDistrict": "Mangkolemba",
                    "villages": [
                        "Atuphumi",
                        "Changki",
                        "Chungliyimsen",
                        "Chungliyimsen Comp",
                        "Japu",
                        "Khar",
                        "Longnak",
                        "Longsemdang",
                        "Longtho",
                        "Mangkolemba Hq",
                        "Merakiong",
                        "Puneboto Comp",
                        "Satsukba",
                        "Shihaphumi"
                    ]
                },
                {
                    "subDistrict": "Merangmen",
                    "villages": [
                        "Aokum",
                        "Aosenden",
                        "Aosungkum",
                        "Chungtiayimsen",
                        "Longphayimsen",
                        "Medemyim",
                        "Moayimti",
                        "Tsutapela",
                        "Vikuto",
                        "Watiyim"
                    ]
                },
                {
                    "subDistrict": "Ongpangkong",
                    "villages": [
                        "Aliba",
                        "Alichen",
                        "Chubayimkum",
                        "Chuchuyimpang",
                        "Chungtia",
                        "Khensa",
                        "Kinunger",
                        "Kupza",
                        "Longjongkong",
                        "Longkhum",
                        "Longmisa",
                        "Longsa",
                        "Mangmetong",
                        "Mekuli",
                        "Meyilong",
                        "Moalenden",
                        "Mokokchung Vill",
                        "Settsu",
                        "Ungma"
                    ]
                },
                {
                    "subDistrict": "Tuli",
                    "villages": [
                        "Anaki",
                        "Anaki C",
                        "Anakiyimsen",
                        "Aopenzu",
                        "Asangma",
                        "Kangtsung",
                        "Kangtsung Yimsen",
                        "Merangkong",
                        "Merangkong Comp",
                        "Tsudikong",
                        "Wamaken",
                        "Wamakenyimsen"
                    ]
                }
            ]
        },
        {
            "district": "Mon",
            "subDistricts": [
                {
                    "subDistrict": "Aboi",
                    "villages": [
                        "Aboi Hq",
                        "Ao Pao",
                        "Aopao Changle",
                        "Chinglong",
                        "Chuhachinglen",
                        "Chuhachingnyu",
                        "Langmeang",
                        "Ngangching"
                    ]
                },
                {
                    "subDistrict": "Angjangyang",
                    "villages": [
                        "Angjangyang Hq",
                        "Angjangyang Vill",
                        "Angphang",
                        "Changai Hongnyu",
                        "Changlang",
                        "Jakphang",
                        "Longching Hq",
                        "Longching Village",
                        "Mohung",
                        "Sowa",
                        "Sowa Changle"
                    ]
                },
                {
                    "subDistrict": "Chen",
                    "villages": [
                        "Chen Hq",
                        "Chenloisho",
                        "Chenmoho",
                        "Chenwetnyu",
                        "Chingkao Chingha",
                        "Chingkao Chingnyu",
                        "Chingpong",
                        "Choknyu",
                        "Wangti"
                    ]
                },
                {
                    "subDistrict": "Hunta",
                    "villages": [
                        "Hunta Hq",
                        "Joboka",
                        "Laokhu",
                        "Longting",
                        "Neitong",
                        "Nokyan",
                        "Nokzang",
                        "Old Jaboka",
                        "Yannyu",
                        "Yannyu Laishan"
                    ]
                },
                {
                    "subDistrict": "Longshen",
                    "villages": [
                        "Longshen Hq",
                        "Shianghachingnyu",
                        "Shianghamokok",
                        "Shianghatangteh",
                        "Shianghawamsa",
                        "Tang",
                        "Yuting"
                    ]
                },
                {
                    "subDistrict": "Mon Sadar",
                    "villages": [
                        "Chui",
                        "Goching",
                        "Hongphoi",
                        "Lampongsheanghah",
                        "Leangha",
                        "Leangnyu",
                        "Longkai",
                        "Mon Village",
                        "Oting",
                        "Phuktong",
                        "Pongkong",
                        "Tekuk",
                        "Totok Chinglem",
                        "Totokchingha",
                        "Totokchingkho",
                        "Totokchingnyu",
                        "Tuimei",
                        "Wangla"
                    ]
                },
                {
                    "subDistrict": "Monyakshu",
                    "villages": [
                        "Bumei S Comp",
                        "Changlangshu",
                        "Changlu",
                        "Changsha",
                        "Eyiang",
                        "Meinchangle",
                        "Monyakshu Hq",
                        "Monyakshu Village",
                        "Pesao",
                        "Shinnyu",
                        "Thannyak",
                        "Yongkhao"
                    ]
                },
                {
                    "subDistrict": "Mopong",
                    "villages": [
                        "Angchen",
                        "Changkhoang",
                        "Changnyu",
                        "Kenjenshu",
                        "Mopong Hq",
                        "Ukha",
                        "Yakshu",
                        "Yei",
                        "Yonghong"
                    ]
                },
                {
                    "subDistrict": "Naginimora",
                    "villages": [
                        "Hotahoti",
                        "Kongon",
                        "Mahung",
                        "Namthai",
                        "Tiru"
                    ]
                },
                {
                    "subDistrict": "Phomching",
                    "villages": [
                        "Longwa",
                        "Longwa Wasa",
                        "Longzang",
                        "Nyahnyu",
                        "Phomching Hq",
                        "Pukha",
                        "Wetting"
                    ]
                },
                {
                    "subDistrict": "Shangnyu",
                    "villages": [
                        "Longpho",
                        "Nyasha",
                        "Shangnyu",
                        "Zangkham",
                        "Zangkham Tingsa"
                    ]
                },
                {
                    "subDistrict": "Tizit",
                    "villages": [
                        "Laokhun",
                        "Lapa",
                        "Lapalampong",
                        "Longlem",
                        "Ngangtan",
                        "Ngangting",
                        "Old Sangsa",
                        "Sangsa",
                        "Tekang",
                        "Tekun",
                        "Tela",
                        "Tingalibam",
                        "Tizit Hq",
                        "Tizit Village",
                        "Yanpan",
                        "Zakho"
                    ]
                },
                {
                    "subDistrict": "Tobu",
                    "villages": [
                        "Shamnyu",
                        "Tamkong",
                        "Tobu Hq",
                        "Tobu Village"
                    ]
                },
                {
                    "subDistrict": "Wakching",
                    "villages": [
                        "Chingphoi",
                        "Chingtang",
                        "Lampong Wakching",
                        "Shiyong",
                        "Tanhai",
                        "Wakching",
                        "Wakching Chingla Vill",
                        "Wakching Hq",
                        "Wanching"
                    ]
                }
            ]
        },
        {
            "district": "Peren",
            "subDistricts": [
                {
                    "subDistrict": "Athibung",
                    "villages": [
                        "Athibung",
                        "Beisumpuikam",
                        "Bongkolong",
                        "Bunglen",
                        "Gellhang",
                        "Gopibung",
                        "Inbung",
                        "Lilen",
                        "Lilen B",
                        "Mouicham",
                        "New Beisumpui",
                        "New Chalkot",
                        "New Pellhang",
                        "Newchamcha",
                        "Old Beisumpui",
                        "Old Chalkot",
                        "Pellhang",
                        "Pellhang B",
                        "Phaijol",
                        "Phanjang",
                        "Saijang",
                        "Songlhuh",
                        "Songsang",
                        "Vongkithem",
                        "Vongkithem B"
                    ]
                },
                {
                    "subDistrict": "Jalukie",
                    "villages": [
                        "Dunki",
                        "Dzukwaram",
                        "Inavi",
                        "Jalukie",
                        "Jalukie B",
                        "Jalukie Lower Khel",
                        "Jalukie Rongdai",
                        "Jalukie S",
                        "Jalukie Upper Khel",
                        "Jalukie Zangdi",
                        "Jalukiekam",
                        "Jalukielo",
                        "Jalukieram",
                        "Kejanglwa",
                        "Libamphai",
                        "Mhai",
                        "Mhaikam",
                        "Mhainamtsi",
                        "New Jalukie",
                        "Nkwareu",
                        "Samzuram",
                        "Viniho"
                    ]
                },
                {
                    "subDistrict": "Kebai Khelma",
                    "villages": [
                        "Beisumpuilwo",
                        "Ikeisingram",
                        "Khelma",
                        "Lower Sinjol",
                        "New Ngaolong",
                        "New Soget",
                        "Nkio",
                        "Nkio B",
                        "Nsenlwa",
                        "Old Soget",
                        "Phaikolum",
                        "Sailhem",
                        "Songngou"
                    ]
                },
                {
                    "subDistrict": "Nsong",
                    "villages": [
                        "Bamsiakelu",
                        "Lalong",
                        "Nchan",
                        "Ngam",
                        "Nsong Hq",
                        "Nsong Vill",
                        "Nzauna",
                        "Old Ngaulong"
                    ]
                },
                {
                    "subDistrict": "Pedi",
                    "villages": [
                        "Benreu",
                        "Gaili",
                        "Hainaikui",
                        "Heningkunglwa",
                        "Heunanbe",
                        "Kelagim",
                        "Ngwalwa Hq",
                        "Ngwalwa Vill",
                        "Pedi",
                        "Poilwa",
                        "Poilwa Namci",
                        "Poilwa Namdi",
                        "Punglwa",
                        "Punglwa B"
                    ]
                },
                {
                    "subDistrict": "Peren",
                    "villages": [
                        "Kendung",
                        "Kipeujang",
                        "Mpai",
                        "Ndunglwa",
                        "New Puilwa",
                        "Old Puilwa",
                        "Peletkie",
                        "Peren",
                        "Peren Namdi"
                    ]
                },
                {
                    "subDistrict": "Tening",
                    "villages": [
                        "Azailong",
                        "Canamram",
                        "Heiranglwa",
                        "Mbaulwa",
                        "Mbaupunchi",
                        "Mbaupungwa",
                        "Nchangram",
                        "New Tesen",
                        "Nkialwa",
                        "Nkio",
                        "Ntu",
                        "Nzau",
                        "Nzau Namsan",
                        "Old Tesen",
                        "Tening",
                        "Tening Christ Vill",
                        "Tening Hq",
                        "Tening Namsan",
                        "Tepun",
                        "Upper Sinjol"
                    ]
                }
            ]
        },
        {
            "district": "Phek",
            "subDistricts": [
                {
                    "subDistrict": "Chetheba",
                    "villages": [
                        "Chesezu Nasa",
                        "Chesezumi",
                        "Chetheba Hq",
                        "Khulazu Basa",
                        "Khulazu Bawe",
                        "Phuyoba",
                        "Rihuba",
                        "Thenyizumi",
                        "Thipuzu"
                    ]
                },
                {
                    "subDistrict": "Chizami",
                    "villages": [
                        "Chizami Hq",
                        "Chizami Vill",
                        "Enhulumi",
                        "Mesulumi",
                        "Sumi",
                        "Thetsumi"
                    ]
                },
                {
                    "subDistrict": "Chozuba",
                    "villages": [
                        "Chozuba Hq",
                        "Chozuba Vill",
                        "Chozubasa",
                        "Khesomi",
                        "Runguzumi Nasa",
                        "Runguzumi Nawe",
                        "Thevopisu",
                        "Yoruba"
                    ]
                },
                {
                    "subDistrict": "Khezhakeno",
                    "villages": [
                        "Khezakeno Hq",
                        "Khezakeno Village"
                    ]
                },
                {
                    "subDistrict": "Khuza",
                    "villages": [
                        "Chiepoketa",
                        "Khutsokhuno",
                        "Khuza Hq",
                        "Khuza Village",
                        "Metsale",
                        "Suthotsu",
                        "Tehephu"
                    ]
                },
                {
                    "subDistrict": "Meluri",
                    "villages": [
                        "Akhegwo",
                        "Akhegwo Junction",
                        "Akhen",
                        "Kanjang",
                        "Khumiasu",
                        "Kukhegwo",
                        "Lephori",
                        "Matikhru",
                        "Meluri Hq",
                        "Meluri Village",
                        "Mollen",
                        "New Akhegwo",
                        "Reguri"
                    ]
                },
                {
                    "subDistrict": "Pfutsero",
                    "villages": [
                        "Kade",
                        "Kami",
                        "Kikruma",
                        "Lekromi",
                        "Pfutseromi",
                        "Phusachodu",
                        "R D Block Kikruma"
                    ]
                },
                {
                    "subDistrict": "Phek Sadar",
                    "villages": [
                        "Chosaba",
                        "Ketsapo",
                        "Kizari",
                        "Kotisu",
                        "Lanyezho",
                        "Losami",
                        "Losami Junction",
                        "Lozaphuhu",
                        "Phek Basa",
                        "Phek Old Town",
                        "Phek Village",
                        "Satheri",
                        "Sohomi",
                        "Surhoba",
                        "Tezatse"
                    ]
                },
                {
                    "subDistrict": "Phokhungri",
                    "villages": [
                        "Avankhu",
                        "Laruri",
                        "Letsam",
                        "Mokie",
                        "New Thewati",
                        "Old Thewati",
                        "Phokhungri Hq",
                        "Phokhungri Vill",
                        "Sutsu",
                        "Washelo",
                        "Zipu"
                    ]
                },
                {
                    "subDistrict": "Phor",
                    "villages": [
                        "Hutsu",
                        "Kuzatu",
                        "New Phor",
                        "Phor",
                        "Satuza",
                        "Weziho",
                        "Weziho Town",
                        "Wuzu",
                        "Yesi",
                        "Yesisotha Centre"
                    ]
                },
                {
                    "subDistrict": "Razieba",
                    "villages": [
                        "Razieba Hq",
                        "Tsupfume",
                        "Zavachu",
                        "Zelume",
                        "Zhavame"
                    ]
                },
                {
                    "subDistrict": "Sakraba",
                    "villages": [
                        "Gidemi",
                        "Lower Khomi",
                        "Middle Khomi",
                        "Pholami",
                        "Porba",
                        "Sakraba",
                        "Sakraba Hq",
                        "Upper Khomi",
                        "Wibo"
                    ]
                },
                {
                    "subDistrict": "Sekruzu",
                    "villages": [
                        "Dzulhami",
                        "Khutsami",
                        "New Ruzazho",
                        "Phugwi",
                        "Ruzazho",
                        "Sekrezu",
                        "Suthazu Nasa",
                        "Suthazu Nawe",
                        "Therhutsesemi"
                    ]
                },
                {
                    "subDistrict": "Zuketsa",
                    "villages": [
                        "Lasumi",
                        "Leshemi",
                        "Lowuza",
                        "Zapami",
                        "Zuketsa"
                    ]
                }
            ]
        },
        {
            "district": "Tuensang",
            "subDistricts": [
                {
                    "subDistrict": "Chare",
                    "villages": [
                        "Alisopur",
                        "Chare Hq",
                        "Chare Old Town",
                        "Chare Village",
                        "Chungliyimti",
                        "Chungliyimti New",
                        "Dikhu Village",
                        "Jnv School Compound",
                        "Kiding",
                        "Longkhitpeh",
                        "Longthrox S Comp",
                        "New Tsadanger",
                        "Old Tsadanger",
                        "Tonglongsor",
                        "Tronger"
                    ]
                },
                {
                    "subDistrict": "Chessore",
                    "villages": [
                        "Aiponger",
                        "Chessore Hq",
                        "Chessore Vill",
                        "Hukir",
                        "K Longsore",
                        "Kelonger"
                    ]
                },
                {
                    "subDistrict": "Chingmei",
                    "villages": [
                        "Chendang Saddle",
                        "Chingmei",
                        "Chingmei Hq",
                        "Taknyu",
                        "Waoshu",
                        "Yimpang"
                    ]
                },
                {
                    "subDistrict": "Longkhim",
                    "villages": [
                        "Angangba",
                        "Chimonger",
                        "Chungtore",
                        "Holongba",
                        "Lirise",
                        "Longkhim Hq",
                        "New Mangakhi",
                        "New Sangsomong",
                        "Old Mangakhi",
                        "Phirahir",
                        "Sangsomong",
                        "Yangli Mission Centre"
                    ]
                },
                {
                    "subDistrict": "Mangko",
                    "villages": [
                        "Kephore A",
                        "Kephore B",
                        "Kiutsukiur",
                        "Mangko Hq",
                        "Shiponger A",
                        "Shiponger B",
                        "Y Anner Vill"
                    ]
                },
                {
                    "subDistrict": "Ngoungchung",
                    "villages": [
                        "Bhumpak",
                        "Hak",
                        "Lokong",
                        "Longtang",
                        "Momching",
                        "Nakshou",
                        "Ngoungchung Hq",
                        "Sangchen Compound",
                        "Saoshou",
                        "Yali"
                    ]
                },
                {
                    "subDistrict": "Nokhu",
                    "villages": [
                        "Aniashu",
                        "Choklangan",
                        "Kenking",
                        "Kingpao",
                        "Langnok",
                        "Nokhu",
                        "Nokhu Hq"
                    ]
                },
                {
                    "subDistrict": "Noklak",
                    "villages": [
                        "Dan",
                        "Kusong",
                        "Noklak Hq",
                        "Noklak Vill",
                        "Nokyan",
                        "Nokyan B",
                        "Pangsha",
                        "Wansoi"
                    ]
                },
                {
                    "subDistrict": "Noksen",
                    "villages": [
                        "Kumpong",
                        "Litem",
                        "Longra",
                        "Noksen Hq",
                        "Noksen Village",
                        "Sangtak",
                        "Yangpi",
                        "Yimrup",
                        "Yokumsang S Comp",
                        "Younyu"
                    ]
                },
                {
                    "subDistrict": "Panso",
                    "villages": [
                        "Ekhao",
                        "Kingniu",
                        "Lengnyu",
                        "Lumoking",
                        "Panso Hq",
                        "Pathso",
                        "Pathso Nokeng",
                        "Tsangkoi",
                        "Tsuwao",
                        "Yokao"
                    ]
                },
                {
                    "subDistrict": "Sangsangnyu",
                    "villages": [
                        "Chendang",
                        "Hakchang",
                        "Kejok",
                        "Keshai",
                        "Konya",
                        "Maksha",
                        "Nyinyem",
                        "Sangsangnyu Hq"
                    ]
                },
                {
                    "subDistrict": "Shamator",
                    "villages": [
                        "Chassir",
                        "Kihoto Theological College Campus",
                        "Lasikiur",
                        "Liangkonger",
                        "Muleangkiur",
                        "Sangphur",
                        "Shamator Hq",
                        "Shamator N A P Post",
                        "Shamator Village",
                        "Waphur",
                        "Yakor"
                    ]
                },
                {
                    "subDistrict": "Sotokur",
                    "villages": [
                        "Chingmelen",
                        "Helipong",
                        "K Longsore",
                        "Kuthur",
                        "Longtokur",
                        "Sipongsang",
                        "Sotokur"
                    ]
                },
                {
                    "subDistrict": "Thonoknyu",
                    "villages": [
                        "Chilliso",
                        "Chipur",
                        "Jejeiking",
                        "Kenjong",
                        "Kingphu",
                        "New Sanglao",
                        "New Thongsonyu",
                        "Pang",
                        "Peshu",
                        "Peshu Nokya",
                        "Sanglao",
                        "Thoktsur",
                        "Thongsonyu",
                        "Thongtsou",
                        "Thonoknyu Hq",
                        "Thonoknyu Vill",
                        "Wui"
                    ]
                },
                {
                    "subDistrict": "Tsurungto",
                    "villages": [
                        "Rurur A B",
                        "Sukiur A B",
                        "Tsurungto Hq"
                    ]
                },
                {
                    "subDistrict": "Tuensang Sadar",
                    "villages": [
                        "Bothanpou",
                        "Helipong Agri Farm",
                        "Khudei",
                        "Ngangpong",
                        "Thimlak Fishery Farm",
                        "Tuensang Village"
                    ]
                }
            ]
        },
        {
            "district": "Wokha",
            "subDistricts": [
                {
                    "subDistrict": "Aitepyong",
                    "villages": [
                        "Aitepyong Station",
                        "Akuk",
                        "Akuk Mhayan",
                        "Chanaka",
                        "Lakhuti",
                        "Mekokla",
                        "Yankhum",
                        "Zukeshe"
                    ]
                },
                {
                    "subDistrict": "Baghty",
                    "villages": [
                        "Baghty Hq",
                        "Makharong",
                        "Soku",
                        "Upper Baghty"
                    ]
                },
                {
                    "subDistrict": "Bhandari",
                    "villages": [
                        "Alikhum",
                        "Bhandari Hq",
                        "Bhandari Vill",
                        "Hayiyan",
                        "Khumchoyan",
                        "Koro",
                        "Liolongchum",
                        "Liowokha",
                        "Liphi",
                        "Lishuyo",
                        "Longayim",
                        "Longjung",
                        "Mekirang",
                        "Merapani",
                        "Mongphio",
                        "Pangtong",
                        "Renthanyan",
                        "Roni",
                        "Ruchanyan",
                        "Serika A B",
                        "Sungkha",
                        "Suphayan",
                        "Yanmhon",
                        "Yencho",
                        "Yimpang",
                        "Yimparasa",
                        "Yimza"
                    ]
                },
                {
                    "subDistrict": "Changpang",
                    "villages": [
                        "Aghuatito",
                        "Akahuto",
                        "Akuhaiqua",
                        "Amboto",
                        "Azuhoto",
                        "Changpang Hq",
                        "Changpang Vill",
                        "Khakuthato",
                        "Lichuyan",
                        "Lio Longidang",
                        "Longtsiri",
                        "Mithehe",
                        "New Wozhu",
                        "Ongc Changpang",
                        "Shuvukhu",
                        "Sumito",
                        "Tssori",
                        "Wozhu"
                    ]
                },
                {
                    "subDistrict": "Chukitong",
                    "villages": [
                        "Chukitong",
                        "Koio",
                        "Mungya",
                        "Nungying",
                        "Seluku",
                        "Thenyayan",
                        "Tsungiki"
                    ]
                },
                {
                    "subDistrict": "Englan",
                    "villages": [
                        "Changsu",
                        "Doyang Hydro Left Bank",
                        "Ekhyoyan",
                        "Englan Comp",
                        "Englan Hq",
                        "Riphyim",
                        "Thillong",
                        "Yikhum"
                    ]
                },
                {
                    "subDistrict": "Lotsu",
                    "villages": [
                        "Longtsung",
                        "Lotsu Hq",
                        "Lotsu Vill",
                        "Moilan",
                        "Morakjo",
                        "Pyangsa",
                        "Pyotchu",
                        "Sheru Echuk"
                    ]
                },
                {
                    "subDistrict": "Ralan",
                    "villages": [
                        "Chandalashung",
                        "Chandalashung B",
                        "Likayan",
                        "Liphayan",
                        "Lishayan",
                        "Ralan",
                        "Ralan Hq",
                        "Ronsuyan",
                        "S Wochan",
                        "Soshan",
                        "Tchuchanphen",
                        "Wochan",
                        "Woroku",
                        "Yampha",
                        "Yanlum"
                    ]
                },
                {
                    "subDistrict": "Sanis",
                    "villages": [
                        "Chudi",
                        "Doyang Hydro Right Bank",
                        "Menshangpen",
                        "Sanis Hq",
                        "Sanis Vill",
                        "Sunglup",
                        "Tsopo",
                        "Yonchicho"
                    ]
                },
                {
                    "subDistrict": "Sungro",
                    "villages": [
                        "Aree",
                        "Asha",
                        "Mhayan",
                        "Okotso",
                        "Okotso Yanthanro",
                        "Pangti",
                        "Sungro Station"
                    ]
                },
                {
                    "subDistrict": "Wokha Sadar",
                    "villages": [
                        "Doyang Hydro Left Bank",
                        "Ekok Ju",
                        "Elumyo",
                        "Humtso",
                        "Longla",
                        "Longsa",
                        "Longsachung",
                        "N Longidang",
                        "New Wokha",
                        "Niroyo",
                        "Nyiro Comp",
                        "Okhyeyan",
                        "Pongitong",
                        "Ruzumphen",
                        "Satsuphen",
                        "Tsungtsutong",
                        "Tsungza",
                        "Vankhosung",
                        "Wokha Vill",
                        "Yanthamo",
                        "Yimkha"
                    ]
                },
                {
                    "subDistrict": "Wozhuro",
                    "villages": [
                        "Hanku",
                        "L Yanthung",
                        "Meriyan",
                        "N Longchum",
                        "Phiro",
                        "Sankiton",
                        "Shaki",
                        "Totsu",
                        "Wozhuro Hq",
                        "Yankeli"
                    ]
                }
            ]
        },
        {
            "district": "Zunheboto",
            "subDistricts": [
                {
                    "subDistrict": "Aghunato",
                    "villages": [
                        "Aghiyilimi",
                        "Aghunato Hq",
                        "Akubani New",
                        "Akubani Old",
                        "Ghokishe",
                        "Hoshepu",
                        "Hoshepu S Comp",
                        "Keltomi",
                        "Khekiye",
                        "Khetoi",
                        "Khewoto",
                        "Khukishe",
                        "Lukhuyimi",
                        "Lukikhe",
                        "Luthsumi",
                        "Luvishe",
                        "Nihoshe",
                        "Phuleshetomi",
                        "Shevishe",
                        "Thokihimi",
                        "Tokiye",
                        "Tsukomi",
                        "Tsutha Hydel Project",
                        "Viyilho",
                        "Viyixe",
                        "Yezashimi",
                        "Zheishe"
                    ]
                },
                {
                    "subDistrict": "Akuhaito",
                    "villages": [
                        "Akuhaito Eac Hq",
                        "Khrimtomi",
                        "Philimi",
                        "Roto"
                    ]
                },
                {
                    "subDistrict": "Akuluto",
                    "villages": [
                        "Akuluto",
                        "Alaphumi",
                        "Lotisami",
                        "Lumami",
                        "Lumthsami",
                        "Shichimi",
                        "Sumi Settsu",
                        "Sutemi",
                        "Zaphumi"
                    ]
                },
                {
                    "subDistrict": "Asuto",
                    "villages": [
                        "Achikuchu A",
                        "Achikuchu B",
                        "Aghulitomi",
                        "Akhakhu",
                        "Asuto Hq",
                        "Asuto Vill",
                        "Atunakugha",
                        "Kathara",
                        "Khumishi A",
                        "Khumishi A Y Khel",
                        "Khumishi B",
                        "Kikhevi",
                        "Kitahumi",
                        "Koiboto",
                        "Lizutomi",
                        "Melahumi",
                        "Ngozubomi",
                        "Nihoshe",
                        "Nizhevi",
                        "Sahuboto S Comp",
                        "Satami",
                        "T Island S Comp",
                        "Tazuhumi",
                        "Tokiye",
                        "Tuzuhumi",
                        "Yeshito",
                        "Yevishe"
                    ]
                },
                {
                    "subDistrict": "Atoizu",
                    "villages": [
                        "Aizuto Mission Centre",
                        "Apukito",
                        "Asukhuto",
                        "Atoizu Hq",
                        "Awotsakilimi",
                        "Emlomi",
                        "Khelhoshe Polytechnic Atoizu",
                        "Kitsakita",
                        "Litsami",
                        "Lokobomi",
                        "Mapulumi",
                        "Naghuto",
                        "Sukomi",
                        "Vekuho",
                        "Yesholutomi"
                    ]
                },
                {
                    "subDistrict": "Ghathashi",
                    "villages": [
                        "Awohumi",
                        "Chishilimi",
                        "Chisholomi",
                        "Ghathashi Hq",
                        "Hebolimi",
                        "Ighanumi",
                        "Iphonumi",
                        "Khughutomi",
                        "Kichilimi",
                        "Kilomi",
                        "Mukalimi",
                        "Shesulimi",
                        "Tukuliqa"
                    ]
                },
                {
                    "subDistrict": "Pughoboto",
                    "villages": [
                        "Asukiqa",
                        "Ghokimi",
                        "Kitami",
                        "Lazami",
                        "Mishilimi",
                        "Natsumi",
                        "Phuyeqa",
                        "Pughoboto Hq",
                        "Puneboqa",
                        "Tsaphimi"
                    ]
                },
                {
                    "subDistrict": "Saptiqa",
                    "villages": [
                        "Saptiqa",
                        "Sena",
                        "Usutomi",
                        "Zhevishe"
                    ]
                },
                {
                    "subDistrict": "Satakha",
                    "villages": [
                        "Aghuhito S Comp",
                        "Ghukhuyi",
                        "Hoishe",
                        "Khukiye",
                        "Kilo",
                        "Kivikhu",
                        "Kiyekhu",
                        "Lukhai",
                        "Momi",
                        "Nunumi",
                        "Satakha Hq",
                        "Satakha Vill",
                        "Shoipu",
                        "Shoixe",
                        "Sukhai",
                        "Tukunasami",
                        "Vishepu",
                        "Xanuboto S Comp",
                        "Xuivi",
                        "Zhekiye"
                    ]
                },
                {
                    "subDistrict": "Satoi",
                    "villages": [
                        "Ghokhuvi",
                        "Hokiye",
                        "Ikiye",
                        "Itovi",
                        "Kheshito",
                        "Khuvuxu",
                        "Satoi Hq",
                        "Satoi Vill",
                        "Thakiye",
                        "Tsuruhu",
                        "Tsutoho"
                    ]
                },
                {
                    "subDistrict": "Suruhuto",
                    "villages": [
                        "Aichi Saghami",
                        "Kholeboto",
                        "Kiyetha",
                        "Lithsami",
                        "Naltoqa",
                        "Phuye",
                        "Sapotimi",
                        "Suruhuto Hq",
                        "Surumi",
                        "Tichipami",
                        "Vedami",
                        "Yehemi",
                        "Zhekuto"
                    ]
                },
                {
                    "subDistrict": "V K",
                    "villages": [
                        "Ajiqami",
                        "Izheto",
                        "Litta",
                        "Maromi",
                        "Mukhami",
                        "Phushumi",
                        "Sastami",
                        "V K Hq"
                    ]
                },
                {
                    "subDistrict": "Zunheboto Sadar",
                    "villages": [
                        "Asukhomi",
                        "Baimho",
                        "Ghukiye",
                        "Hekiye",
                        "Kawoto",
                        "Kheshepu",
                        "Kulhopu",
                        "Lizu",
                        "Lizu Aviqato",
                        "Lizu Naghuto",
                        "Lochomi",
                        "Natha",
                        "New Land",
                        "Nikuto",
                        "Sheipu",
                        "Shotomi",
                        "Sukhalu",
                        "Xukhepu",
                        "Yemishe",
                        "Yezami",
                        "Zungti"
                    ]
                }
            ]
        }
    ],
    "state": "Nagaland"
}