{
    "districts": [
        {
            "district": "Karaikal",
            "subDistricts": [
                {
                    "subDistrict": "Karaikal Taluk",
                    "villages": [
                        "Keezhaiyur",
                        "Kizhamanai",
                        "Kottucherry",
                        "Neravy",
                        "Polagam",
                        "Poovam",
                        "Thirumalairayanpattinam",
                        "Thiruvettakudy",
                        "Vanjiur",
                        "Varichikudy",
                        "Vizhidiur"
                    ]
                },
                {
                    "subDistrict": "Thirunallar Taluk",
                    "villages": [
                        "Ambagarathur",
                        "Keezhavoor",
                        "Kurumbagaram",
                        "Melakasakudy",
                        "Nallazhundur",
                        "Nedungadu",
                        "Pettai",
                        "Ponbethy",
                        "Puthakudy",
                        "Sellur",
                        "Sethur",
                        "Sorakudy",
                        "Subrayapuram",
                        "Thennankudy",
                        "Thevamapuram",
                        "Thirunallar"
                    ]
                }
            ]
        },
        {
            "district": "Mahe",
            "subDistricts": [
                {
                    "subDistrict": "Mahe Taluk",
                    "villages": []
                }
            ]
        },
        {
            "district": "Puducherry",
            "subDistricts": [
                {
                    "subDistrict": "Bahour Taluk",
                    "villages": [
                        "Aranganur",
                        "Bahour",
                        "Embalam",
                        "Eripakkam",
                        "Irulansandy",
                        "Kaduvanur",
                        "Karaiyambuthur",
                        "Kariamanickam",
                        "Karikalampakkam",
                        "Kirumampakkam",
                        "Korkadu",
                        "Kuruvinatham",
                        "Madukkarai",
                        "Manamedu",
                        "Manapattu",
                        "Nettapakkam",
                        "Outchimedu",
                        "Panayadikuppam",
                        "Pandasozhanur",
                        "Parikalpet",
                        "Pillaiarkuppam",
                        "Seliamedu"
                    ]
                },
                {
                    "subDistrict": "Ozhukarai Taluk",
                    "villages": []
                },
                {
                    "subDistrict": "Puducherry Taluk",
                    "villages": [
                        "Abishegapakkam",
                        "Ariankuppam",
                        "Manavely",
                        "Purnankuppam",
                        "Tavalakuppam",
                        "Thimmanaickenpalayam"
                    ]
                },
                {
                    "subDistrict": "Villianur Taluk",
                    "villages": [
                        "Arugur",
                        "Chettipet",
                        "Kalithirthalkuppam",
                        "Karasur",
                        "Katteri",
                        "Kizhur",
                        "Kodathur",
                        "Koodapakkam",
                        "Kunichampet",
                        "Kuppam",
                        "Madagadipet",
                        "Manakuppam",
                        "Manalipet",
                        "Mangalam",
                        "Mannadipet",
                        "Odiampet",
                        "Oussudu",
                        "Perungalur",
                        "Pillaiyarkuppam",
                        "Pudukuppam",
                        "Ramanathapuram",
                        "Sannasikuppam",
                        "Sathamangalam",
                        "Sedarapet",
                        "Sellipattu",
                        "Sorapet",
                        "Suthukeny",
                        "Thethampakkam",
                        "Thirubuvanai",
                        "Thirukanji",
                        "Thiruvandarkoil",
                        "Thondamanatham",
                        "Thuthipet",
                        "Ulaivaikkal",
                        "Uruvaiyar",
                        "Vadanur",
                        "Vambupet",
                        "Villianur"
                    ]
                }
            ]
        },
        {
            "district": "Yanam",
            "subDistricts": [
                {
                    "subDistrict": "Yanam Taluk",
                    "villages": []
                }
            ]
        }
    ],
    "state": "Puducherry"
}