{
    "districts": [
        {
            "district": "East District",
            "subDistricts": [
                {
                    "subDistrict": "Gangtok",
                    "villages": [
                        "Aritar",
                        "Assam",
                        "Barbing",
                        "Beng",
                        "Bhusuk",
                        "Budang Thangsing",
                        "Byang",
                        "Central Pendam",
                        "Chadey",
                        "Chinze",
                        "Chisopani",
                        "Chuba",
                        "Dung Dung",
                        "Gangtok Forest Block",
                        "Gnathang",
                        "Gnathang Forest Block",
                        "Kambal",
                        "Khamdong",
                        "Kyongnosla Forest Block",
                        "Lingdok",
                        "Lingdum",
                        "Lingzey",
                        "Luing",
                        "Mangthang",
                        "Martam",
                        "Naitam",
                        "Namgeythang",
                        "Namin",
                        "Namli",
                        "Namok",
                        "Nampong",
                        "Nandok",
                        "Navey",
                        "Nazitam",
                        "Pam",
                        "Pangthang Forest Block",
                        "Parbing",
                        "Patuk",
                        "Penlong",
                        "Phengyong",
                        "Rakdong",
                        "Raley Khese",
                        "Rangpo Forest Block",
                        "Ranipool Forest Block",
                        "Ranka",
                        "Rapdang",
                        "Rawate Rumtek",
                        "Rey",
                        "Rongyek",
                        "Rumtek Forest Block",
                        "Sajong",
                        "Sakyong",
                        "Samdong",
                        "Samlik Marchak",
                        "Sang Forest Block",
                        "Sangtong",
                        "Sherwani",
                        "Shotak",
                        "Shyagyong Rumtek",
                        "Simik",
                        "Singbel",
                        "Singtam Forest Block",
                        "Sumen",
                        "Syari",
                        "Tathangchen",
                        "Temphyak Mendu",
                        "Tintek",
                        "Tirkutam",
                        "Tshalumthang",
                        "Tumen",
                        "Tumen Forest Block",
                        "Tumlabung",
                        "West Pendam"
                    ]
                },
                {
                    "subDistrict": "Pakyong",
                    "villages": [
                        "Aho",
                        "Amba",
                        "Assam Lingzey Forest Block",
                        "Biring",
                        "Changey Senti",
                        "Chhota Singtam",
                        "Chochenpheri",
                        "Dikling",
                        "East Pendam",
                        "Kamarey Bhasmey",
                        "Kartok",
                        "Latuk",
                        "Linkey",
                        "Losing",
                        "Machong",
                        "Namcheybung",
                        "Pachak",
                        "Pachey",
                        "Pacheykhani",
                        "Pakyong Forest Block",
                        "Parkha",
                        "Pathing Forest Block",
                        "Riwa",
                        "Tarethang",
                        "Taza",
                        "Thekabung",
                        "Tsalumthang",
                        "Yangtam"
                    ]
                },
                {
                    "subDistrict": "Rongli",
                    "villages": [
                        "Aritar",
                        "Changeylakha",
                        "Chujachen",
                        "Dholepchen",
                        "Lamaten",
                        "Lingtam",
                        "Mulukey",
                        "North Rhegoh",
                        "Phadamchen",
                        "Phadamchen Forest Block",
                        "Premlakha",
                        "Rhenak",
                        "Rhenock Forest Block",
                        "Rolep",
                        "Rongli Forest Block",
                        "Singaneybas",
                        "South Rhegoh",
                        "Subanedara",
                        "Sudunglakha",
                        "Tarpin"
                    ]
                }
            ]
        },
        {
            "district": "North District",
            "subDistricts": [
                {
                    "subDistrict": "Chungthang",
                    "villages": [
                        "Chungthang",
                        "Lachen",
                        "Lachen Forest Block",
                        "Lachung",
                        "Lachung Forest Block",
                        "Shipgyer",
                        "Thangu Forest Block",
                        "Tshungthang Forest Block",
                        "Tung"
                    ]
                },
                {
                    "subDistrict": "Mangan",
                    "villages": [
                        "Barfok",
                        "Chawang",
                        "Gnon Samdong",
                        "Gor",
                        "Hee Gyathang",
                        "Kabi",
                        "Kabi Forest Block",
                        "Kazor",
                        "L Mangshila",
                        "Labi",
                        "Lingdem",
                        "Lingdong",
                        "Lingthem",
                        "Lingzah Tolung",
                        "Lower Dzongu Forest Block",
                        "Lum",
                        "Mangan Forest Block",
                        "Men Rongong",
                        "Meyong",
                        "Naga Forest Block",
                        "Naga Namgor",
                        "Namok",
                        "Nampatam",
                        "Pakshep",
                        "Paney Phensong",
                        "Phamtam",
                        "Phodong",
                        "Phodong Forest Block",
                        "Ramthamg",
                        "Ringhim",
                        "Rongong",
                        "Sakyong Pentong",
                        "Salim Pakel",
                        "Sangtok",
                        "Sentam",
                        "Sheyam",
                        "Singchit",
                        "Singhik",
                        "Tangyek",
                        "Tingbong",
                        "Tingchim",
                        "Tingda",
                        "Tumlong",
                        "U Mangshila",
                        "Upper Dzongu Forest Block",
                        "Zimchung"
                    ]
                }
            ]
        },
        {
            "district": "South District",
            "subDistricts": [
                {
                    "subDistrict": "Namchi",
                    "villages": [
                        "Aifaltar",
                        "Assangthang",
                        "Barnyak",
                        "Bikmat",
                        "Bomtar",
                        "Bul",
                        "Burul",
                        "Chemchey",
                        "Chisopani",
                        "Chuba",
                        "Chumlok",
                        "Damthang",
                        "Denchung",
                        "Dhargaon",
                        "Donok",
                        "Doring",
                        "Dorop",
                        "Gangchung",
                        "Gom",
                        "Jaubari",
                        "Jorethang Forest Block",
                        "Kabrey",
                        "Kamarey",
                        "Kamrang",
                        "Kanamtek",
                        "Karek",
                        "Kartickey",
                        "Kateng Bokrang",
                        "Kerabari",
                        "Kitam",
                        "Kopchey",
                        "Longchok",
                        "Majhitar Forest Block",
                        "Mamley",
                        "Mamring",
                        "Mamring Forest Block",
                        "Maneydara",
                        "Maniram",
                        "Manpur",
                        "Melli",
                        "Melli Forest Block",
                        "Mellidara",
                        "Mikkhola",
                        "Nagi",
                        "Nalam Kolbong",
                        "Namchi Forest Block",
                        "Namphing",
                        "Namthang Forest Block",
                        "Nijarmeng",
                        "Omchu",
                        "Pabong",
                        "Paiyong",
                        "Pajer",
                        "Paleytam",
                        "Palum",
                        "Pamphok",
                        "Panchgharey",
                        "Parbing",
                        "Passi",
                        "Phalidara",
                        "Phong",
                        "Poklok",
                        "Rabikhola",
                        "Rabitar",
                        "Ramabong",
                        "Rameng",
                        "Rashyap",
                        "Rateypani",
                        "Rong",
                        "Sadam",
                        "Saleumbong",
                        "Salghari",
                        "Sangbung",
                        "Shyampani",
                        "Singhithang",
                        "Singtam",
                        "Sorok",
                        "Sukrabarey",
                        "Sumbuk",
                        "Suntaley",
                        "Tanak",
                        "Tangji",
                        "Tarku",
                        "Temi",
                        "Temi Forest Block",
                        "Temi Tea Estate",
                        "Thangsing",
                        "Tingrithang",
                        "Tinik",
                        "Tinzer",
                        "Tokal",
                        "Tokdey",
                        "Tsalumthang",
                        "Turuk",
                        "Turung",
                        "Wak"
                    ]
                },
                {
                    "subDistrict": "Ravong",
                    "villages": [
                        "Bakkhim",
                        "Barfung",
                        "Ben",
                        "Brong",
                        "Dalep",
                        "Deu",
                        "Deythang",
                        "Gagyong",
                        "Hingdam",
                        "Kau",
                        "Kewzing",
                        "Kewzing Forest Block",
                        "Kolthang",
                        "Lamting",
                        "Likship",
                        "Lingdong",
                        "Lingi",
                        "Lingmo",
                        "Lingmo Forest Block",
                        "Lingzo",
                        "Lower Paiyong",
                        "Mangbrue",
                        "Mangzing",
                        "Namlung",
                        "Namphok",
                        "Namphrik",
                        "Neh Brum",
                        "Pepthang",
                        "Phamthang",
                        "Poley",
                        "Rabongla Forest Block",
                        "Ralang Forest Block",
                        "Ralong",
                        "Ralong Monastery",
                        "Rangang",
                        "Ravong",
                        "Rayong",
                        "Sada",
                        "Sanghanath",
                        "Sangmo",
                        "Satam",
                        "Sokpay",
                        "Sripatam",
                        "Tingmo",
                        "Tinkitam",
                        "Tokday",
                        "Upper Paiyong",
                        "Yangyang",
                        "Yangyang Forest Block",
                        "Zarung"
                    ]
                }
            ]
        },
        {
            "district": "West District",
            "subDistricts": [
                {
                    "subDistrict": "Gyalshing",
                    "villages": [
                        "Arithang",
                        "Bangten",
                        "Barnyak",
                        "Barphok",
                        "Barthang",
                        "Begha",
                        "Bernyak Forest Block",
                        "Bhaluthang",
                        "Chingthang",
                        "Chongpung",
                        "Chongrang",
                        "Darap",
                        "Dentam",
                        "Dentam Forest Block",
                        "Dhupidara",
                        "Dubdi",
                        "Gangyep",
                        "Gerethang",
                        "Gyalshing",
                        "Gyalshing Forest Block",
                        "Gyaten",
                        "Hee",
                        "Hee Patal",
                        "Karmatar",
                        "Khachodpalri",
                        "Khachodpalri Forest Block",
                        "Kongri",
                        "Kyonsda",
                        "Labdang",
                        "Labing",
                        "Laso",
                        "Legship Forest Block",
                        "Liching",
                        "Lingchom",
                        "Lungzik",
                        "Maneybung",
                        "Mangmo",
                        "Mangnam",
                        "Martam",
                        "Meli",
                        "Meliaching",
                        "Mengyong",
                        "Miyong",
                        "Naku",
                        "Nambu",
                        "Narkhola",
                        "Pecherek",
                        "Pelling Forest Blocks",
                        "Pemayangtse Monastery",
                        "Radukhandu",
                        "Sangkhu",
                        "Sapong",
                        "Sardong",
                        "Sindrang",
                        "Singlitam",
                        "Singrangpung",
                        "Singyang",
                        "Sopakha",
                        "Srinagi",
                        "Tashiding",
                        "Tashiding Forest Block",
                        "Tikjya",
                        "Tingbrum",
                        "Tingle I",
                        "Tingle Ii",
                        "Topung",
                        "Tsozo",
                        "Umchung",
                        "Unglok",
                        "Yangten",
                        "Yangthang",
                        "Yuksam",
                        "Yuksam Forest Block"
                    ]
                },
                {
                    "subDistrict": "Soreng",
                    "villages": [
                        "Aroobotey",
                        "Bara Samdong",
                        "Bhareng",
                        "Bum",
                        "Burikhop",
                        "Chakung",
                        "Chota Samdong",
                        "Chuchen",
                        "Chumbong",
                        "Deythang",
                        "Dhalam",
                        "Geling",
                        "Hathidunga",
                        "Hilley Forest Block",
                        "Jeel",
                        "Kamling",
                        "Karthok",
                        "Khanisherbung",
                        "Longchok",
                        "Lower Fambong",
                        "Mabong",
                        "Malbasey",
                        "Mendo Goan",
                        "Nayabazar Forest Block",
                        "Okhery",
                        "Parrengaon",
                        "Ribdi",
                        "Rinchenpong",
                        "Rishi",
                        "Rumbuk",
                        "Salyangdang",
                        "Samsing",
                        "Sangadorji",
                        "Segeng",
                        "Siktam",
                        "Singling",
                        "Sombaria Forest Block",
                        "Soreng",
                        "Soreng Forest Block",
                        "Sribadam",
                        "Sribadam Forest Block",
                        "Suldung",
                        "Suntaley",
                        "Tadong",
                        "Takuthang",
                        "Tharpu",
                        "Tikpur",
                        "Timberbong",
                        "Tinzerbong",
                        "Upper Fambong",
                        "Zoom"
                    ]
                }
            ]
        }
    ],
    "state": "Sikkim"
}