{
    "districts": [
        {
            "district": "Dhalai",
            "subDistricts": [
                {
                    "subDistrict": "Ambassa",
                    "villages": [
                        "Auliraipara",
                        "Bagmara",
                        "Balaram",
                        "Baluchhara",
                        "Batabari",
                        "Chakmapara",
                        "Dangamapara",
                        "Ganganagar",
                        "Gangaprasadpara",
                        "Gurudhanpara",
                        "Harimangalpara",
                        "Jagannathpur",
                        "Kamalachhara",
                        "Kanchanpur",
                        "Karmapara",
                        "Karnamanipara",
                        "Kathalbari",
                        "Khamupara",
                        "Khowaipara",
                        "Kulai",
                        "Kulai R F",
                        "Lalchhara",
                        "Lalchhari",
                        "Paschim Nalichhara",
                        "Purba Nalichhara",
                        "Pustaraipara",
                        "Radharambari",
                        "Raipasa",
                        "Sardinkhapara",
                        "Satbhaiyapara",
                        "Siddhapara",
                        "Sikaribari",
                        "Tetaiya",
                        "Ulemchhara"
                    ]
                },
                {
                    "subDistrict": "Chhamanu",
                    "villages": [
                        "Central Catchment R F",
                        "Dakshin Longtarai",
                        "Debchhara",
                        "Durgachhara",
                        "Joychandra Para",
                        "Makarchhara",
                        "Manikpur",
                        "Manu Chhailengta R F",
                        "Paschim Chhamanu",
                        "Purba Chhamanu",
                        "Sadhujan Para",
                        "Sonapur",
                        "Uttar Longtarai"
                    ]
                },
                {
                    "subDistrict": "Dumburnagar",
                    "villages": [
                        "Barabari",
                        "Bhagirath Para",
                        "Birchandranagar",
                        "Boalkhali",
                        "Bulongbasa",
                        "Chitrajhari",
                        "Dalapatipara",
                        "Dhalajhari",
                        "Jagabandhupara",
                        "Jarulchhara",
                        "Jinaraipara",
                        "Joyrampur",
                        "Kamalakhal",
                        "Kamalasram",
                        "Khederkot",
                        "Laxmipur",
                        "Malyansingh",
                        "Paschim Gandachhara",
                        "Paschim Kalyansingh",
                        "Paschim Potachhara",
                        "Paschim Raima",
                        "Purba Gandachhara",
                        "Purba Kalajhari R F",
                        "Purba Kalyansingh",
                        "Purba Potachhara",
                        "Purba Raima",
                        "Ramnagar",
                        "Ranipukur",
                        "Ratan Nagar",
                        "Sardong",
                        "Sarma",
                        "Sipasingh",
                        "Sukraichhara",
                        "Thakurchhara",
                        "Tuichama",
                        "Ultachhara",
                        "Uttaraipara"
                    ]
                },
                {
                    "subDistrict": "Manu",
                    "villages": [
                        "Chailengta",
                        "Dakshin Dhumachhara",
                        "Demchhara",
                        "Deo Reserve Forest",
                        "Gainarma",
                        "Ghagrachhara",
                        "Jamirchhara",
                        "Jarulchhara",
                        "Kanchanchhara",
                        "Karatichhara",
                        "Kathalchhara",
                        "Lalchhara",
                        "Longtarai R F",
                        "Mainama",
                        "Manu",
                        "Manu Chhailengta R F",
                        "Nalkata",
                        "Paschim Karamchhara",
                        "Paschim Masli",
                        "Purba Karamchhara",
                        "Purba Masli",
                        "Ultachhara",
                        "Uttar Dhumachhara"
                    ]
                },
                {
                    "subDistrict": "Salema",
                    "villages": [
                        "Abhanga",
                        "Apareshkar",
                        "Bamanchhara",
                        "Baralutma",
                        "Barasurma",
                        "Bishnupur",
                        "Chankap",
                        "Chhetrai",
                        "Chotasurma",
                        "Chulubari",
                        "Dab Bari",
                        "Dakshin Bilashchhara",
                        "Darang Tilla",
                        "Debichhara",
                        "Duraichhara",
                        "Ganganagar",
                        "Halahali",
                        "Halhuli",
                        "Harerkhola",
                        "Jamthumbari",
                        "Kachuchhara",
                        "Kalachhari",
                        "Katalutma",
                        "Kuchainala",
                        "Lambuchhara",
                        "Latiachhara",
                        "Longtarai R F",
                        "Mahabir",
                        "Maharani",
                        "Manik Bhandar",
                        "Marachhara",
                        "Mayachhari",
                        "Mendi",
                        "Michhuria",
                        "Mohanpur",
                        "Mothirmia",
                        "Nakful",
                        "Noagaon",
                        "Panbua",
                        "Panchasi",
                        "Paschim Daluchhara",
                        "Purba Daluchhara",
                        "Salema",
                        "Simbuchak",
                        "Srirampur",
                        "Uttar Bilashchhara"
                    ]
                }
            ]
        },
        {
            "district": "North Tripura",
            "subDistricts": [
                {
                    "subDistrict": "Damchhara",
                    "villages": [
                        "Bangsul",
                        "Damchhara",
                        "Damchhara R F",
                        "Indurail",
                        "Juri R F",
                        "Kacharichhara",
                        "Kalagang",
                        "Khedachhara",
                        "Narendranagar",
                        "Piplachhara",
                        "Rahumchhara"
                    ]
                },
                {
                    "subDistrict": "Dasda",
                    "villages": [
                        "Belianchief",
                        "Central Catchment R F",
                        "Chandipur",
                        "Dasda Laxmipur",
                        "Dasmanipara",
                        "Gachirampara",
                        "Jamraipara",
                        "Jayantipara",
                        "Kalapania",
                        "Kamarmara",
                        "Kanchanchhara",
                        "Kanchanpur",
                        "Laljuri",
                        "Lambachhara",
                        "Manu Chailengta R F",
                        "Paschim Tlangsanbari",
                        "Ramprasaipara",
                        "Santipur",
                        "Satnala",
                        "Sibnagar",
                        "Sunitipur",
                        "Taiyangpara",
                        "Tuichhama",
                        "Ujan Machhmara R F"
                    ]
                },
                {
                    "subDistrict": "Gournagar",
                    "villages": [
                        "Bhagaban Nagar",
                        "Bilashpur",
                        "Birchandranagar",
                        "Chandipur",
                        "Chhantail",
                        "Debasthal",
                        "Deorachhara",
                        "Dhaliarkandi",
                        "Dhanbilash",
                        "Dhatuchhara",
                        "Fultali",
                        "Golakpur",
                        "Gournagar",
                        "Guldharpur",
                        "Halaichhara",
                        "Hirachhara",
                        "Ichabpur",
                        "Irani",
                        "Jalai",
                        "Jarultali",
                        "Jubarajnagar",
                        "Kamarangabari",
                        "Kanakpur",
                        "Kaulikura",
                        "Khowrabil",
                        "Latiapur",
                        "Laxmipur",
                        "Manu Valley",
                        "Murtichhara",
                        "Pakhirbada",
                        "Rangauti",
                        "Rangrung",
                        "Samaruhala R F",
                        "Samrurpar",
                        "Sonamukhi",
                        "Srinathpur",
                        "Srirampur",
                        "Tilagaon",
                        "Uttar Unakuti R F"
                    ]
                },
                {
                    "subDistrict": "Jampuii hills",
                    "villages": [
                        "Banglabari",
                        "Belianchief",
                        "Bhangmun",
                        "Central Catchment R F",
                        "Kalagang",
                        "Paschim Manpai",
                        "Paschim Tlangsangbari",
                        "Purba Manpai",
                        "Sabual",
                        "Sailo",
                        "Simblong",
                        "Tlakchi"
                    ]
                },
                {
                    "subDistrict": "Kadamtala",
                    "villages": [
                        "Baruakandi",
                        "Bhagyapur",
                        "Bishnupur",
                        "Brajendranagar",
                        "Chandpur",
                        "Churaibari",
                        "Hurua",
                        "Ichailalchhara",
                        "Kadamtala",
                        "Kurti",
                        "Laxminagar",
                        "Maheshpur",
                        "Piarachhara",
                        "Pratyekrai",
                        "Ragna",
                        "Ranibari",
                        "Sanichhara",
                        "Sarala",
                        "Saraspur",
                        "Satsangam"
                    ]
                },
                {
                    "subDistrict": "Kumarghat",
                    "villages": [
                        "Betchhara",
                        "Dakshin Unakuti R F",
                        "Dengdung",
                        "Deo Reserve Forest",
                        "Dudhpur",
                        "Fatikroy",
                        "Gakulnagar",
                        "Ganganagar",
                        "Jagannathpur",
                        "Krishnanagar",
                        "Kumarghat",
                        "Laljuri",
                        "Masauli",
                        "Natingchhara",
                        "Pabiachhara",
                        "Paschim Kanchanbari",
                        "Paschim Ratachhara",
                        "Purba Kanchanbari",
                        "Purba Ratachhara",
                        "Radhanagar",
                        "Rajkandi",
                        "Saidachhara",
                        "Sonaimuri"
                    ]
                },
                {
                    "subDistrict": "Panisagar",
                    "villages": [
                        "Bagbasa",
                        "Balidhum",
                        "Bilthai",
                        "Dakshin Padmabil",
                        "Deochhara",
                        "Dewanpasa",
                        "Dhupirband",
                        "Ganganagar",
                        "Indurail",
                        "Jalebasa",
                        "Jubarajnagar",
                        "Kameswar",
                        "Panisagar",
                        "Paschim Halflong",
                        "Paschim Tilthai",
                        "Pekuchhara",
                        "Purba Halflong",
                        "Purba Tilthai",
                        "Radhapur",
                        "Rajnagar",
                        "Ramnagar",
                        "Roa",
                        "Uptakhali",
                        "Uttar Padmabil"
                    ]
                },
                {
                    "subDistrict": "Pencharthal",
                    "villages": [
                        "Baghaichhara",
                        "Birchandranagar",
                        "Dakshin Machmara",
                        "Deo Reserve Forest",
                        "Dewanbari",
                        "Dhanichhara",
                        "Karaichhara",
                        "Lakshmanchhara",
                        "Laljuri",
                        "Nabinchhara",
                        "Nalkata",
                        "Paschim Andharchhara",
                        "Pencharthal",
                        "Purba Andharchhara",
                        "Rabiraipara",
                        "Uttar Machmara"
                    ]
                }
            ]
        },
        {
            "district": "South Tripura",
            "subDistricts": [
                {
                    "subDistrict": "Amarpur",
                    "villages": [
                        "Bampur",
                        "Baramura Deotamura R F",
                        "Birganj",
                        "Dalak",
                        "Deb Bari",
                        "Gungia",
                        "Kurmachhara",
                        "Nutanbazar",
                        "Paharpur",
                        "Paschim Daluma",
                        "Paschim Kalajari R F",
                        "Paschim Malbasa",
                        "Paschim Sarbang",
                        "Purba Daluma",
                        "Purba Malbasa",
                        "Purba Sarbang",
                        "Rajkang",
                        "Rangamati",
                        "Rangkang",
                        "Tairbhuma",
                        "Uttar Chalagang"
                    ]
                },
                {
                    "subDistrict": "Bokafa",
                    "villages": [
                        "Abhangachhara",
                        "Bagafa",
                        "Baikhora",
                        "Baramura Deotamura R F",
                        "Birchandranagar",
                        "Birendranagar",
                        "Chhaigharia",
                        "Dakshin Barapathary",
                        "Dakshin Hichachhara",
                        "Dakshin Takmachhara",
                        "Gardang",
                        "Jolaibari",
                        "Kalalaogang",
                        "Kalasi",
                        "Laogang",
                        "Laxmichhara",
                        "Madhya Pillak",
                        "Muhuripur R F",
                        "Paschim Charakbai",
                        "Paschim Kathalia",
                        "Paschim Manu",
                        "Paschim Muhuripur",
                        "Paschim Patichhari",
                        "Paschim Pillak",
                        "Purba Charakbai",
                        "Purba Kathalia",
                        "Purba Manu",
                        "Purba Muhuripur",
                        "Purba Patichhari",
                        "Purba Pillak",
                        "Radhakishore Ganj",
                        "Raibari",
                        "Rajapur",
                        "Santirbazar",
                        "Tairumachhara",
                        "Uttar Barapathary",
                        "Uttar Debipur",
                        "Uttar Hichachhara",
                        "Uttar Takmachhara"
                    ]
                },
                {
                    "subDistrict": "Hrishyamukh",
                    "villages": [
                        "Abhaynagar",
                        "Bashpadua",
                        "Champaknagar",
                        "Dakshin Sonaichhari",
                        "Debipur",
                        "Haripur",
                        "Hrishyamukh",
                        "Krishnanagar",
                        "Manirampur",
                        "Matai",
                        "Ratanpur",
                        "Sarasima",
                        "Shibpur",
                        "Tekka R F",
                        "Tekka Tulshi R F",
                        "Tuigamari",
                        "Uttar Sonaichhari"
                    ]
                },
                {
                    "subDistrict": "Kakraban",
                    "villages": [
                        "Amtali",
                        "Balurpathar",
                        "Dhuptali",
                        "Dudhpushkarini",
                        "Gangachhara",
                        "Garjanmura",
                        "Garji R F",
                        "Hadra",
                        "Hurijala",
                        "Jamjuri",
                        "Jitendranagar",
                        "Kakraban",
                        "Murapara",
                        "Palatana",
                        "Rajdharnagar",
                        "Rani",
                        "Samukchhara",
                        "Silghati",
                        "Upendranagar"
                    ]
                },
                {
                    "subDistrict": "Karbuk",
                    "villages": [
                        "Baramura Deotamura R F",
                        "Chakpur",
                        "Dakshin Chalagang",
                        "Dakshin Ekchhari",
                        "Dakshin Karbuk",
                        "Ichhachhari",
                        "Jarimura",
                        "Laogang",
                        "Lebachhara",
                        "Mukchhari",
                        "Paschim Ekchhari",
                        "Paschim Kalajari R F",
                        "Paschim Karbuk",
                        "Paschim Manikya Dewan",
                        "Patichhari",
                        "Purba Karbuk",
                        "Purba Manikya Dewan",
                        "Rambhadra",
                        "Uttar Ekchhari"
                    ]
                },
                {
                    "subDistrict": "Killa",
                    "villages": [
                        "Bagma",
                        "Chaimaroa",
                        "Chharthai",
                        "Choygharia",
                        "Dakshin Baramura Deotamura R F",
                        "Dakshin Brajendranagar",
                        "Kanchigang R F",
                        "Khupilong",
                        "Killa",
                        "Laxmipati",
                        "Photamati",
                        "Purba Brajendranagar",
                        "Raiabari",
                        "Thelakum",
                        "Uttar Baramura Deotamura R F",
                        "Uttar Brajendranagar"
                    ]
                },
                {
                    "subDistrict": "Matarbari",
                    "villages": [
                        "Bagabasa",
                        "Bagma",
                        "Baishabari",
                        "Barabhaiya",
                        "Chandrapur R F",
                        "Chapiapara",
                        "Chhataria",
                        "Dakshin Baramura Debtamura R F",
                        "Dakshin Brajendranagar",
                        "Dakshin Chandrapur",
                        "Dakshin Maharani",
                        "Dhwajnagar",
                        "Fulkumari",
                        "Gakulpur",
                        "Gandhari",
                        "Garji R F",
                        "Garjichhara",
                        "Hirapur",
                        "Karaiyamura",
                        "Khilpara",
                        "Khupilong",
                        "Laxmipati",
                        "Matarbari",
                        "Murapara",
                        "Paschim Magpushkarini",
                        "Photamati",
                        "Pitra",
                        "Purba Magpushkarini",
                        "Radhakishorepur R F",
                        "Rajnagar",
                        "Salgarha",
                        "Taiharchum",
                        "Tepania",
                        "Uttar Chandrapur",
                        "Uttar Maharani"
                    ]
                },
                {
                    "subDistrict": "Ompi",
                    "villages": [
                        "Ampichhara",
                        "Ampinagar",
                        "Baisyamanipara",
                        "Chenchua",
                        "Dakshin Chhangong",
                        "Dakshin Taidu",
                        "Dhanlekha",
                        "Ek Janchhara",
                        "Gamaichhara",
                        "Haripur",
                        "Jambukchhara",
                        "Kamlaipara",
                        "Melchhi",
                        "Palkuchhara",
                        "Paschim Taichhlong",
                        "Purba Taichhlong",
                        "Sonachhara",
                        "Taidudepha",
                        "Uttar Chhangong",
                        "Uttar Taidu"
                    ]
                },
                {
                    "subDistrict": "Rajnagar",
                    "villages": [
                        "Baraiya",
                        "Barapathari",
                        "Bardos",
                        "Bhairabnagar",
                        "Chittamara",
                        "Dakshin Bharatchandranagar",
                        "Dakshin Krishnapur",
                        "Dakshin Srirampur",
                        "Ishanchandranagar",
                        "Joychandrapur",
                        "Kalabaria",
                        "Kamalpur",
                        "Kashari R F",
                        "Laxmipur",
                        "Madhya Bharatchandranagar",
                        "Paikhola",
                        "Paschim Anandapur",
                        "Paschim Peporiakhola",
                        "Prakashnagar",
                        "Purba Anandapur",
                        "Purba Peporiakhola",
                        "Radhanagar",
                        "Rajnagar",
                        "Rangamura",
                        "Siddhinagar",
                        "Tebaria",
                        "Trishna R F",
                        "Uttar Bharatchandranagar",
                        "Uttar Krishnapur",
                        "Uttar Srirampur"
                    ]
                },
                {
                    "subDistrict": "Rupaichhari",
                    "villages": [
                        "Aliamara",
                        "Bagachatal",
                        "Bagmara",
                        "Baishnabpur",
                        "Barabil",
                        "Baramura Deotamura R F",
                        "Bishnupur",
                        "Chalita Bankul",
                        "Chatakchhari",
                        "Dakshin Bejoypur",
                        "Dakshin Manu Bankul",
                        "Dakshin Sabroom",
                        "Desharampara",
                        "Gaurifa",
                        "Gorakapa",
                        "Kaptali",
                        "Kathalchhari",
                        "Magrum",
                        "Paschim Ludhua",
                        "Purba Ludhua",
                        "Purba Sabroom",
                        "Rajdharpur",
                        "Rupaichhari",
                        "Silachari",
                        "Sonaichhari",
                        "Suknachari",
                        "Uttar Bejoypur",
                        "Uttar Manu Bankul",
                        "Uttar Taichhama"
                    ]
                },
                {
                    "subDistrict": "Satchand",
                    "villages": [
                        "Amlighat",
                        "Betaga R F",
                        "Bhuratali",
                        "Bijoynagar",
                        "Brajendranagar",
                        "Chalitachhara",
                        "Dakshin Kalapania",
                        "Dakshin Taichhama",
                        "Doulbari",
                        "Fulchhari",
                        "Gaganchandra Para",
                        "Gardhang",
                        "Goachand",
                        "Harbatali",
                        "Harina",
                        "Krishnanagar",
                        "Madhabnagar",
                        "Magurchhara",
                        "Manubazar",
                        "Paschim Jalefa",
                        "Paschim Sabroom",
                        "Purba Jalefa",
                        "Rajnagar",
                        "Sakhbari",
                        "Sindukpathar",
                        "Srinagar",
                        "Taikumbachhara",
                        "Tekka R F",
                        "Tekka Tulsi R F",
                        "Uttar Kalapania"
                    ]
                }
            ]
        },
        {
            "district": "West Tripura",
            "subDistricts": [
                {
                    "subDistrict": "Bishalgarh",
                    "villages": [
                        "Amtali",
                        "Bangshibari",
                        "Barjala",
                        "Baustali",
                        "Bishalgarh",
                        "Brajapur",
                        "Dakshin Champamura",
                        "Dakshin Charilam",
                        "Debipur",
                        "Dhariathal",
                        "Gajaria",
                        "Gakulnagar",
                        "Ghaniamara",
                        "Golaghati",
                        "Gopinagar",
                        "Kaiyadhepa",
                        "Kamalasagar",
                        "Konaban",
                        "Krishna Kishorenagar",
                        "Latiachhara",
                        "Laxmibil",
                        "Madhupur",
                        "Madhya Pathalia",
                        "Mohanpur",
                        "Nehalchandranagar",
                        "Padmanagar",
                        "Pathaliaghat",
                        "Promodenagar",
                        "Purathal Rajnagar",
                        "Radhanagar",
                        "Ramnagar",
                        "Rangapania",
                        "Rangmala",
                        "Sutamura",
                        "Uttar Charilam"
                    ]
                },
                {
                    "subDistrict": "Boxanagar",
                    "villages": [
                        "Anandapur",
                        "Ashabari",
                        "Bejoynagar",
                        "Bhaluarchar",
                        "Boxanagar",
                        "Dhanirampur",
                        "Ghilatali",
                        "Jogatrampur",
                        "Kalamchaura",
                        "Kalsimura",
                        "Kamalanagar",
                        "Kulubari",
                        "Manikyanagar",
                        "Matinagar",
                        "Putia",
                        "Rahimpur"
                    ]
                },
                {
                    "subDistrict": "Dukli",
                    "villages": [
                        "Anandanagar",
                        "Badharghat",
                        "Bikramnagar",
                        "Charipara",
                        "Dukli",
                        "Ishanchandranagar",
                        "Kanchanmala",
                        "Madhuban",
                        "Madhupur",
                        "Pandabpur",
                        "Srinagar"
                    ]
                },
                {
                    "subDistrict": "Hezamara",
                    "villages": [
                        "Baikunthapur",
                        "Baluaban",
                        "Barkanthalia",
                        "Chandpur",
                        "Dakshin Dashgharia",
                        "Domrakaridak",
                        "Ishanpur",
                        "Kamukchhara",
                        "Mantala",
                        "Megliband",
                        "Mohanpur",
                        "Noagaon",
                        "Paschim Simna",
                        "Purba Simna",
                        "Sankhola",
                        "Subalsingh",
                        "Surendranagar",
                        "Thamakari",
                        "Tuichhamankuri",
                        "Uttar Dashgharia"
                    ]
                },
                {
                    "subDistrict": "Jampuijala",
                    "villages": [
                        "Amarendranagar",
                        "Bamnichhara",
                        "Barmabari",
                        "Hirapur",
                        "Jampuijala",
                        "Kalaibari",
                        "Kandraichhara",
                        "Killabari",
                        "Madhya Ghaniamara",
                        "Mohanpur",
                        "Paschim Takarjala",
                        "Pekuarjala",
                        "Prabhapur",
                        "Purba Takarjala",
                        "Ratanpur",
                        "Sangkumabari",
                        "Shyamnagar",
                        "Ujan Ghaniamara",
                        "Ujan Pathalia"
                    ]
                },
                {
                    "subDistrict": "Jirania",
                    "villages": [
                        "Bankimnagar",
                        "Belbari",
                        "Briddhanagar",
                        "Champabari",
                        "Champaknagar",
                        "Janmejoynagar",
                        "Jirania",
                        "Joynagar",
                        "Laxmipur",
                        "Majlishpur",
                        "Mekhlipara",
                        "Purba Barjalai",
                        "Purba Debendranagar",
                        "Purba Noagoan",
                        "Radhakishorenagar",
                        "Radhamohanpur",
                        "Radhapur",
                        "Tulakona",
                        "Uttar Champamura"
                    ]
                },
                {
                    "subDistrict": "Kalyanpur",
                    "villages": [
                        "Dakshin Maharani",
                        "Dakshin Promodenagar",
                        "Durgapur",
                        "Dwarikapur",
                        "Ghilatali",
                        "Kamalnagar",
                        "Kunjaban",
                        "Madhya Kalyanpur",
                        "Maharanipur",
                        "Paschim Kalyanpur",
                        "Purba Kalyanpur",
                        "Ramdayalbari",
                        "Uttar Ghilatali"
                    ]
                },
                {
                    "subDistrict": "Kathalia",
                    "villages": [
                        "Bejimara",
                        "Bhabanipur",
                        "Birampur",
                        "Birendranagar",
                        "Dhanpur",
                        "Durlavpur",
                        "Himmatpur",
                        "Jagatrampur",
                        "Kalapania",
                        "Kalikrishnanagar",
                        "Kathalia",
                        "Maheshpur",
                        "Manaipathar",
                        "Manarchak",
                        "Nidaya",
                        "Nirbhoypur",
                        "Paharpur",
                        "Sobhapur"
                    ]
                },
                {
                    "subDistrict": "Khowai",
                    "villages": [
                        "Chebri",
                        "Dhalabil",
                        "Ganki",
                        "Gournagar",
                        "Laxminarayanpur",
                        "Paharmura",
                        "Paschim Singhichhara",
                        "Purba Ramchandraghat",
                        "Purba Singhichhara",
                        "Santinagar",
                        "Sonatala",
                        "Uttar Padmabil",
                        "Uttar Ramchandraghat"
                    ]
                },
                {
                    "subDistrict": "Mandai",
                    "villages": [
                        "Ashigarh",
                        "Atuthangbari",
                        "Bhrigudas Para",
                        "Dinabandhunagar",
                        "Dinakobrapara",
                        "Harbhang",
                        "Jamilengpara",
                        "Kathirambari",
                        "Khengrai",
                        "Laxmipur",
                        "Mandainagar",
                        "Paschim Barjalai",
                        "Patnipara",
                        "Purba Debendranagar",
                        "Ramchandranagar",
                        "Sibnagar",
                        "Wakkinagar"
                    ]
                },
                {
                    "subDistrict": "Melaghar",
                    "villages": [
                        "Aralia",
                        "Bagabasa",
                        "Bardowal",
                        "Barpathar",
                        "Bejimara",
                        "Chandigarh",
                        "Chandul",
                        "Choumohani",
                        "Dakshin Taibandul",
                        "Durlavnarayanpur",
                        "Gamaichhara",
                        "Ghrantali",
                        "Jharjharia",
                        "Kamarangatali",
                        "Khaschoumohani",
                        "Khedabari",
                        "Khedarbari",
                        "Melaghar",
                        "Mohanbhug",
                        "Nabadwipchandranagar",
                        "Paschim Jumerdhepa",
                        "Paschim Nalchar",
                        "Purba Jumerdhepa",
                        "Purba Nalchar",
                        "Rudijala",
                        "Taksapara",
                        "Telkajla",
                        "Urmai",
                        "Uttar Taibandul"
                    ]
                },
                {
                    "subDistrict": "Mohanpur",
                    "villages": [
                        "Bamutia",
                        "Barjala",
                        "Bejoynagar",
                        "Bodhjongnagar",
                        "Debendrachandranagar",
                        "Fatikchhara",
                        "Gandhigram",
                        "Ishanpur",
                        "Kalachhara",
                        "Kalkalia",
                        "Kunjaban",
                        "Lankamura",
                        "Laxmilunga",
                        "Mantala",
                        "Megliband",
                        "Mohanpur",
                        "Narsingarh",
                        "Noagaon",
                        "Paschim Simna",
                        "Ramnagar",
                        "Singarbil",
                        "Taranagar",
                        "Tulabagan",
                        "Uttar Debendrachandranagar"
                    ]
                },
                {
                    "subDistrict": "Mungiakumi",
                    "villages": [
                        "Atharamura R F",
                        "Dakshin Gakulnagar",
                        "Dakshin Maharani",
                        "Jagna Kobrabari",
                        "Karaibari",
                        "Laxmipur",
                        "Maharanipur",
                        "Nunachhara R F",
                        "Ramkrishnapur",
                        "Sriramkhara",
                        "Teliamura R F",
                        "Tuichindraibari",
                        "Uttar Gakulnagar",
                        "Uttar Promodenagar"
                    ]
                },
                {
                    "subDistrict": "Padmabil",
                    "villages": [
                        "Akhrabari",
                        "Bagabil",
                        "Dakshin Padmabil",
                        "Dakshin Ramchandraghat",
                        "Dhalabil",
                        "Dwarikapur",
                        "Gayamanibari",
                        "Khengrabari",
                        "Laxminarayanpur",
                        "Paglabari",
                        "Paschim Belchhara",
                        "Purba Belchhara",
                        "Purba Ramchandraghat",
                        "Ramdayalbari",
                        "Ratanpur",
                        "Tuihachingbari",
                        "Uttar Padmabil",
                        "Uttar Ramchandraghat"
                    ]
                },
                {
                    "subDistrict": "Teliamura",
                    "villages": [
                        "Brahmachhara",
                        "Dakshin Gakulnagar",
                        "Dakshin Pulinpur",
                        "Hawaibari",
                        "Krishnapur",
                        "Laxmipur",
                        "Moharchhara",
                        "Sardu Karkari",
                        "Teliamura",
                        "Teliamura R F",
                        "Tuichindrai",
                        "Uttar Gakulnagar",
                        "Uttar Pulinpur"
                    ]
                },
                {
                    "subDistrict": "Tulashikhar",
                    "villages": [
                        "Asharambari",
                        "Badlabari",
                        "Banbazar",
                        "Chamubasti",
                        "Dakshin Promodenagar",
                        "Jagna Kobrabari",
                        "Maidanbari",
                        "Mainakbari",
                        "Paschim Bachaibari",
                        "Paschim Champachhara",
                        "Paschim Karangichhara",
                        "Paschim Laxmichhara",
                        "Paschim Rajnagar",
                        "Purba Bachaibari",
                        "Purba Champachhara",
                        "Purba Karangichhara",
                        "Purba Laxmichhara",
                        "Purba Rajnagar",
                        "Ramkrishnabari",
                        "Remachhara",
                        "Santinagar",
                        "Shikaribari",
                        "Sukhiabari"
                    ]
                }
            ]
        }
    ],
    "state": "Tripura"
}